"full_name","team_abbv","position","passing_att","passing_cmp","passing_yds","passing_tds","passing_ints","rushing_att","rushing_yds","rushing_tds","fl","fpts","receiving_rec","receiving_yds","receiving_tds"
"Jalen Hurts","PHI","qb",520.3,339.4,3811,24.4,12.1,144.8,622.4,11.3,3.8,360.4,NA,NA,NA
"Josh Allen","BUF","qb",564.9,368.1,4062,27.7,14,108.7,558.9,8.9,4,360.4,NA,NA,NA
"Lamar Jackson","BAL","qb",463.6,303.5,3567.5,25,10.6,146.1,836.3,5.4,4.4,339.3,NA,NA,NA
"Patrick Mahomes II","KC","qb",588.1,394.7,4391.7,32.7,11.2,72,376.5,1.8,3.1,337.7,NA,NA,NA
"Anthony Richardson","IND","qb",512.2,325.9,3506,20,11.4,128.1,648.2,7.9,5,310.8,NA,NA,NA
"Dak Prescott","DAL","qb",572.8,385.2,4182.8,30.6,12,51.9,221.7,2,2.8,306.5,NA,NA,NA
"C.J. Stroud","HOU","qb",556.9,362.6,4335.7,29.5,10.1,43.8,183.8,2.4,3.6,306.4,NA,NA,NA
"Joe Burrow","CIN","qb",580.3,388.9,4238.8,30.2,11.5,56.7,191.2,2.1,3.1,304.5,NA,NA,NA
"Kyler Murray","ARI","qb",530.8,353.8,3711.1,22,12.1,96.1,530.6,5.2,2.6,303.2,NA,NA,NA
"Jordan Love","GB","qb",545.4,354.8,3987.1,29.4,11.5,45.7,200.5,2.4,3,294.1,NA,NA,NA
"Brock Purdy","SF","qb",498.4,336.2,4075.1,29.6,10.8,44.1,161.9,1.9,2.6,293,NA,NA,NA
"Jayden Daniels","WAS","qb",543.5,338.6,3582.5,20.1,13.8,114.6,594.4,5,4.4,290.4,NA,NA,NA
"Caleb Williams","CHI","qb",532.8,346.7,3784.3,25.3,13.4,78.1,363.4,3.3,4.3,286.8,NA,NA,NA
"Trevor Lawrence","JAC","qb",566.5,373.6,3986.1,24.4,12.5,66.4,306.4,3.5,4.8,286.3,NA,NA,NA
"Deshaun Watson","CLE","qb",544.8,334.4,3748.3,23,13.3,77.1,385.1,3.2,3.8,278.6,NA,NA,NA
"Justin Herbert","LAC","qb",544.6,356.1,3849.9,24.5,9.9,64.9,263.5,2.7,3,278.4,NA,NA,NA
"Jared Goff","DET","qb",569,384,4232.1,28.1,10.6,24,54,1.1,3.1,276.7,NA,NA,NA
"Tua Tagovailoa","MIA","qb",545,371,4268.4,27.3,12.5,31.8,88.8,0.6,3.8,272.4,NA,NA,NA
"Kirk Cousins","ATL","qb",537.2,351.9,4038.4,27.1,10.5,34.7,101,1.4,4.5,269.1,NA,NA,NA
"Baker Mayfield","TB","qb",562.6,355.5,3947.3,25.8,11.9,51.9,171.1,1.4,3.3,268.2,NA,NA,NA
"Matthew Stafford","LAR","qb",552.9,355.4,4127.4,26.8,12.5,24,67.8,0.6,2.2,266,NA,NA,NA
"Aaron Rodgers","NYJ","qb",544.5,359.7,3840.7,26.2,9,32.6,107.5,1.3,2.7,262.5,NA,NA,NA
"Geno Smith","SEA","qb",521.5,341.8,3746.3,24.1,11.9,50.6,204,1.7,3.1,259.1,NA,NA,NA
"Will Levis","TEN","qb",513,323.2,3727.1,22.2,12.4,53.8,185.3,2.2,4.2,249,NA,NA,NA
"Daniel Jones","NYG","qb",494,322.4,3226.8,16.6,10.6,95,469.1,3.5,3.6,245.5,NA,NA,NA
"Derek Carr","NO","qb",544.7,363.7,3843.7,24.6,10.9,24.7,71.1,0.5,3.2,244.5,NA,NA,NA
"Sam Darnold","MIN","qb",541.2,343.6,3722.3,22,14.4,44.5,173.2,2.1,4.1,244.1,NA,NA,NA
"Bo Nix","DEN","qb",496.6,309.9,3210.7,19,12.1,61.4,281.1,2.4,3.6,227.7,NA,NA,NA
"Bryce Young","CAR","qb",531.3,333.2,3450.4,19.3,11.9,42.5,235.3,1.2,3.5,227.1,NA,NA,NA
"Russell Wilson","PIT","qb",443.1,281.9,2952,18.2,9.4,65.7,297.2,2.6,3.5,219.7,NA,NA,NA
"Gardner Minshew II","LV","qb",413.3,259.4,2792.9,16,10.3,34,123.4,1.8,2.9,182.7,NA,NA,NA
"Drake Maye","NE","qb",422.6,267.9,2452.3,12.2,10.1,54.7,206.4,1.6,1.9,163.5,NA,NA,NA
"Jacoby Brissett","NE","qb",126.7,80.8,1301.7,7.4,4.8,11.6,94.5,0.8,1.6,87.9,NA,NA,NA
"Taysom Hill","NO","qb",5,4,38,0,0,80,403,6,1,75.8,NA,NA,NA
"Aidan O'Connell","LV","qb",202.4,127.8,1242.7,6.5,4.6,18.1,36.6,0.3,1,74.9,NA,NA,NA
"Justin Fields","PIT","qb",98.9,60.7,761.3,4.1,3.1,38.8,219.5,1.6,1.8,71.4,NA,NA,NA
"Sam Howell","SEA","qb",72.7,46.8,494.1,3.1,2.2,8,39,0.4,0.5,35.3,NA,NA,NA
"Drew Lock","NYG","qb",74.1,46.4,504.7,3.3,1.8,7.9,24.9,0.1,0.6,33.9,NA,NA,NA
"Nick Mullens","MIN","qb",82.9,53.6,562,3,2.1,5.6,18.2,0.1,0.7,33.2,NA,NA,NA
"Jarrett Stidham","DEN","qb",64.4,40.1,439.7,2.4,1.8,8.1,26,0.3,0.6,28.9,NA,NA,NA
"Jameis Winston","CLE","qb",60.5,37.6,423.9,2.5,2,5.8,21.6,0.1,0.2,27,NA,NA,NA
"Michael Penix Jr.","ATL","qb",42.1,25.8,334.1,2.5,1.3,3.4,21.1,0.4,0.5,25.6,NA,NA,NA
"Jake Browning","CIN","qb",50.6,32.7,328,2.4,1,5.6,23.5,0.2,0.2,24.7,NA,NA,NA
"Spencer Rattler","NO","qb",66.6,43.7,336.7,2.4,0.8,5.5,22.2,0.1,0.2,24.6,NA,NA,NA
"Hendon Hooker","DET","qb",68.1,44.1,338.4,1.9,1.4,6.1,25.7,0.2,0.3,22.9,NA,NA,NA
"Josh Johnson","BAL","qb",42.7,26.7,293.5,1.9,0.9,8.8,37,0.3,0.3,22.9,NA,NA,NA
"Mitchell Trubisky","BUF","qb",45.9,30.4,275,2,1.3,8,26.7,0.3,0.2,22,NA,NA,NA
"Jimmy Garoppolo","LAR","qb",46.9,30.5,317.4,2.1,1,3.8,10.5,0,0.1,21.2,NA,NA,NA
"Skylar Thompson","MIA","qb",70.3,44.4,340.6,1.7,1.4,5.8,19.6,0.1,0.3,21.1,NA,NA,NA
"Carson Wentz","KC","qb",46.1,28.9,285.7,2.1,0.7,3.8,15.5,0.1,0.2,20.6,NA,NA,NA
"Joshua Dobbs","SF","qb",40.6,26.9,267.2,1.8,0.9,6,27.8,0.2,0.2,20.4,NA,NA,NA
"Tyson Bagent","CHI","qb",46.3,29.7,291,1.7,1.2,5.2,24.4,0.1,0.2,20,NA,NA,NA
"Tyrod Taylor","NYJ","qb",43.5,27.5,273.1,1.9,0.9,5.5,24,0,0.2,19.7,NA,NA,NA
"Cooper Rush","DAL","qb",48.2,30.6,298.8,2,1.3,5.7,11,0.1,0.2,19.7,NA,NA,NA
"Davis Mills","HOU","qb",47.6,29.9,290.2,1.9,1,4.5,14.9,0.1,0.2,19.5,NA,NA,NA
"Joe Flacco","IND","qb",48.9,30.7,317.6,1.8,1.1,5,13.3,0,0.5,19.4,NA,NA,NA
"Clayton Tune","ARI","qb",48.4,30.9,305.9,1.6,1.4,5.7,20.5,0.1,0.2,19.3,NA,NA,NA
"Taylor Heinicke","LAC","qb",43.4,27.3,274.8,1.7,0.9,6.6,27.6,0.1,0.5,19.3,NA,NA,NA
"Mac Jones","JAC","qb",46.9,31.5,293.7,1.7,0.9,5.4,18.9,0,0.1,19.3,NA,NA,NA
"Malik Willis","GB","qb",40.8,25.1,256,1.9,0.9,6.9,26.1,0.1,0.3,19.2,NA,NA,NA
"Kenny Pickett","PHI","qb",43.8,28.4,283.3,1.6,1.2,7.1,21.5,0.2,0.5,18.9,NA,NA,NA
"Marcus Mariota","WAS","qb",42.6,26.4,272.2,1.5,1.2,6.9,30.3,0.1,0.2,18.9,NA,NA,NA
"Kyle Trask","TB","qb",44.8,26.9,265.5,1.7,0.9,5.5,13.5,0.1,0.2,18.1,NA,NA,NA
"Mason Rudolph","TEN","qb",44,27.1,281,1.7,1.2,4.9,14.5,0,0.2,18,NA,NA,NA
"Andy Dalton","CAR","qb",45.5,28.5,270.3,1.5,0.9,4.7,16.6,0.1,0.1,17.8,NA,NA,NA
"Tyler Huntley","BAL","qb",0,0,202,1,1,0,24,0,0,13.5,NA,NA,NA
"Easton Stick","LAC","qb",0,0,215,1,1,0,13,0,0,12.9,NA,NA,NA
"Zach Wilson","DEN","qb",0,0,200,1,1,0,17,0,0,12.7,NA,NA,NA
"Jaren Hall","SEA","qb",0,0,174,1,1,0,26,0,0,12.6,NA,NA,NA
"Tommy DeVito","NYG","qb",0,0,190,1,1,0,17,0,0,12.3,NA,NA,NA
"Case Keenum","HOU","qb",0,0,205,1,1,0,8,0,0,12,NA,NA,NA
"Trey Lance","DAL","qb",24,15,177,1,1,5,18.5,0,0,11.9,NA,NA,NA
"Michael Pratt","TB","qb",0,0,190,1,1,0,12,0,0,11.8,NA,NA,NA
"Jordan Travis","NYJ","qb",0,0,188,1,1,0,10,0,0,11.5,NA,NA,NA
"Joe Milton III","NE","qb",0,0,190,1,1,0,17,0,1,10.3,NA,NA,NA
"Kyle Allen","PIT","qb",0,0,149,1,1,0,10,0,0,10,NA,NA,NA
"Sean Clifford","GB","qb",0,0,154,1,1,0,8,0,0,10,NA,NA,NA
"Mike White","BUF","qb",0,0,155,1,1,0,7,0,0,9.9,NA,NA,NA
"Bailey Zappe","KC","qb",0,0,140,1,1,0,11,0,0,9.7,NA,NA,NA
"Jake Haener","NO","qb",17,11,119,1,0,2,8,0,0,9.6,NA,NA,NA
"Stetson Bennett","LAR","qb",0,0,92,1,0,0,13,0,0,9,NA,NA,NA
"Sam Hartman","WAS","qb",0,0,100,1,0,0,7,0,0,8.7,NA,NA,NA
"Dorian Thompson-Robinson","CLE","qb",25,14,121.5,0.5,0.5,5,21,0,0,8.5,NA,NA,NA
"Tanner McKee","PHI","qb",0,0,80,1,0,0,8,0,0,8,NA,NA,NA
"Sam Ehlinger","IND","qb",0,0,76,1,0,0,8,0,0,7.8,NA,NA,NA
"Devin Leary","BAL","qb",0,0,65,0,0,0,0,0,0,2.6,NA,NA,NA
"Christian McCaffrey","SF","rb",NA,NA,NA,NA,NA,272.4,1288.9,11.6,1.7,280.5,69.9,567.2,4.8
"Breece Hall","NYJ","rb",NA,NA,NA,NA,NA,249.5,1129.3,8.1,1.4,234.6,66.8,529.9,3.8
"Bijan Robinson","ATL","rb",NA,NA,NA,NA,NA,243.9,1121,7.4,2.2,232.8,65.8,549.7,4.3
"Jonathan Taylor","IND","rb",NA,NA,NA,NA,NA,283.5,1270.5,10.1,1.4,222.3,37.3,279,1.6
"Saquon Barkley","PHI","rb",NA,NA,NA,NA,NA,269.1,1128.7,9.3,1.7,217.6,48,344.1,3
"Derrick Henry","BAL","rb",NA,NA,NA,NA,NA,269.2,1203.4,11.2,1,211,24.9,199.1,0.9
"Kyren Williams","LAR","rb",NA,NA,NA,NA,NA,245.4,1115.3,9.9,1.7,204.6,34.4,251.4,1.9
"Jahmyr Gibbs","DET","rb",NA,NA,NA,NA,NA,202.5,941.8,8.4,1.4,193.9,54.6,388.9,2.2
"Travis Etienne Jr.","JAC","rb",NA,NA,NA,NA,NA,250.1,1025.3,8.2,1.3,192.1,46.1,358.1,1.2
"Josh Jacobs","GB","rb",NA,NA,NA,NA,NA,255.5,1055.9,8.6,1.1,192,39.7,301.7,1.1
"Isiah Pacheco","KC","rb",NA,NA,NA,NA,NA,238.1,1064,8.5,1.4,191.9,38.8,258.2,1.9
"James Cook","BUF","rb",NA,NA,NA,NA,NA,231.7,1033.2,5.1,1.4,186.2,45,382.4,2.8
"De'Von Achane","MIA","rb",NA,NA,NA,NA,NA,175.1,907.2,7.2,0.9,184.4,45.4,348.3,2.9
"Joe Mixon","HOU","rb",NA,NA,NA,NA,NA,244.8,961.8,7.6,0.9,183.4,40.1,304.4,2.2
"Rachaad White","TB","rb",NA,NA,NA,NA,NA,235.3,914,6.5,1.7,181.2,52.6,395.9,2.4
"Kenneth Walker III","SEA","rb",NA,NA,NA,NA,NA,240.9,1005.6,9,0.9,181.1,29.1,224.2,1
"Alvin Kamara","NO","rb",NA,NA,NA,NA,NA,204.7,802.4,5.3,0.9,169.9,66,467.4,2.2
"David Montgomery","DET","rb",NA,NA,NA,NA,NA,205.1,902.4,9.9,0.9,169.5,22.4,167.6,0.8
"Aaron Jones","MIN","rb",NA,NA,NA,NA,NA,189.1,868.8,5.5,1,160.7,42.8,313.6,1.9
"Zamir White","LV","rb",NA,NA,NA,NA,NA,235.2,988.5,5.8,1.3,158.5,32.9,229.9,0.8
"Najee Harris","PIT","rb",NA,NA,NA,NA,NA,237.1,948.8,6.6,1,157.5,28.7,180.8,1.2
"James Conner","ARI","rb",NA,NA,NA,NA,NA,201.6,883.1,6.7,0.9,157.3,32.6,222.2,1.4
"Raheem Mostert","MIA","rb",NA,NA,NA,NA,NA,168.7,804.1,8.5,1,155.1,25.4,179.2,1.3
"Rhamondre Stevenson","NE","rb",NA,NA,NA,NA,NA,208.9,870.9,5.6,1,152,41.1,281.7,0.8
"Tony Pollard","TEN","rb",NA,NA,NA,NA,NA,197.6,846.5,5.7,0.9,145.7,34.1,236.6,0.9
"D'Andre Swift","CHI","rb",NA,NA,NA,NA,NA,178.2,810.4,5.2,1,144.9,36.6,251.7,1.6
"Javonte Williams","DEN","rb",NA,NA,NA,NA,NA,204.3,834.4,4.7,0.9,143.5,41.2,247,1.5
"Brian Robinson Jr.","WAS","rb",NA,NA,NA,NA,NA,185.4,776.2,5.3,1.5,141.4,28.8,241.2,1.8
"Devin Singletary","NYG","rb",NA,NA,NA,NA,NA,196.5,847.3,5,1,138,33,212.8,0.7
"Zack Moss","CIN","rb",NA,NA,NA,NA,NA,170.3,737.9,5.8,0.5,136.9,29.5,205,1.4
"Gus Edwards","LAC","rb",NA,NA,NA,NA,NA,184,781.3,7,1.3,132.8,15,131.2,0.4
"Jaylen Warren","PIT","rb",NA,NA,NA,NA,NA,142.4,677.2,3.9,1.4,131.1,47.6,323.9,1.7
"Chase Brown","CIN","rb",NA,NA,NA,NA,NA,142.7,618.5,4,0.6,126.6,37.3,304.5,1.9
"Ezekiel Elliott","DAL","rb",NA,NA,NA,NA,NA,170.2,663.7,5.7,1,126.1,29.2,193.9,1.3
"Tyjae Spears","TEN","rb",NA,NA,NA,NA,NA,141.7,621,3.6,0.9,124.8,43.3,335.9,1.6
"Jerome Ford","CLE","rb",NA,NA,NA,NA,NA,168.7,662.9,4,0.8,124.4,34.2,243.9,1.9
"Austin Ekeler","WAS","rb",NA,NA,NA,NA,NA,126.6,524,4.2,1.7,122.8,46.3,366.8,2
"Nick Chubb","CLE","rb",NA,NA,NA,NA,NA,149.7,726.6,5,0.8,118.6,17.5,138.2,0.6
"Jonathon Brooks","CAR","rb",NA,NA,NA,NA,NA,152.2,664.3,4.4,1.6,113.2,23.1,177.9,0.9
"J.K. Dobbins","LAC","rb",NA,NA,NA,NA,NA,133.7,590.2,3.9,0.9,108.2,24.9,188.4,1.5
"Chuba Hubbard","CAR","rb",NA,NA,NA,NA,NA,156.3,621.8,4,0.9,106.7,27.7,192.6,0.5
"Ty Chandler","MIN","rb",NA,NA,NA,NA,NA,146.6,598.6,4.3,0.8,103.6,21.1,154.9,0.6
"Blake Corum","LAR","rb",NA,NA,NA,NA,NA,138.3,588.5,4.6,1.5,103.1,19.5,152.3,0.7
"Rico Dowdle","DAL","rb",NA,NA,NA,NA,NA,140,545.2,3.6,0.4,100.7,23.6,181.1,1.2
"Tyler Allgeier","ATL","rb",NA,NA,NA,NA,NA,134.3,549.2,3.8,0.8,100.1,21.1,167.1,1.2
"Trey Benson","ARI","rb",NA,NA,NA,NA,NA,134.3,578.6,3.9,1.5,97.5,19.1,139.4,0.9
"Khalil Herbert","CHI","rb",NA,NA,NA,NA,NA,148.1,597,3.4,0.8,95,16.6,114.7,0.9
"Antonio Gibson","NE","rb",NA,NA,NA,NA,NA,119.8,461,2.6,1.4,94.7,38.1,285.8,1.2
"Jaleel McLaughlin","DEN","rb",NA,NA,NA,NA,NA,102.7,498.4,2.7,0.8,93.3,32.8,215.1,1.2
"Zach Charbonnet","SEA","rb",NA,NA,NA,NA,NA,117.5,486.4,2.9,0.8,90.5,31.8,213.2,0.8
"Bucky Irving","TB","rb",NA,NA,NA,NA,NA,116.2,436.7,2.8,1.5,79.7,21,164.8,1
"Jordan Mason","SF","rb",NA,NA,NA,NA,NA,100.3,441.9,3.8,0.1,77.6,10.1,74,0.6
"MarShawn Lloyd","GB","rb",NA,NA,NA,NA,NA,97.2,405.8,3.1,1.1,75.4,16.8,131.1,0.9
"Alexander Mattison","LV","rb",NA,NA,NA,NA,NA,113.7,424.9,2.6,0.9,72.1,14.5,97.8,1
"Ray Davis","BUF","rb",NA,NA,NA,NA,NA,86.4,373.7,2.9,1.2,71.6,17.2,143.2,0.8
"Jamaal Williams","NO","rb",NA,NA,NA,NA,NA,114.7,420.2,3,0.5,70.7,17.9,102.3,0.3
"Tyrone Tracy Jr.","NYG","rb",NA,NA,NA,NA,NA,102.4,396.5,2.5,1.1,69.2,16.3,119.5,0.8
"Braelon Allen","NYJ","rb",NA,NA,NA,NA,NA,103.9,393.4,2.7,0.8,68.5,12.6,96.1,0.8
"Tank Bigsby","JAC","rb",NA,NA,NA,NA,NA,101.5,343.1,3.6,2.2,59.4,9.2,62.8,0.3
"Miles Sanders","CAR","rb",NA,NA,NA,NA,NA,96.9,349.5,2,1.2,55.3,16.2,99.8,0.1
"Jaylen Wright","MIA","rb",NA,NA,NA,NA,NA,57.8,270.1,2.2,0.8,53.7,12.8,104.4,0.7
"Roschon Johnson","CHI","rb",NA,NA,NA,NA,NA,66.9,263.1,2,0.8,51.5,17.9,118.5,0.4
"Dameon Pierce","HOU","rb",NA,NA,NA,NA,NA,72.8,306.3,2.2,0.5,51.4,10.5,76.8,0.2
"Kenneth Gainwell","PHI","rb",NA,NA,NA,NA,NA,66.8,260.6,1.9,1.2,49.9,17.2,120.3,0.4
"Clyde Edwards-Helaire","KC","rb",NA,NA,NA,NA,NA,58.3,225.3,1.5,0.5,49.7,14.2,119,1.2
"D'Onta Foreman","CLE","rb",NA,NA,NA,NA,NA,64.2,280.4,2,0.2,49.2,10.6,78.1,0.3
"Audric Estime","DEN","rb",NA,NA,NA,NA,NA,68.2,275.6,1.9,1.4,48.8,12.9,96.9,0.5
"Samaje Perine","KC","rb",NA,NA,NA,NA,NA,46.9,199.6,1.2,0.8,47.9,22,172.8,0.8
"Justice Hill","BAL","rb",NA,NA,NA,NA,NA,57.8,231.2,1.6,0.8,44,13.8,102.4,0.5
"Kendre Miller","NO","rb",NA,NA,NA,NA,NA,54.2,221.8,1.7,0.7,43.8,11.9,100.5,0.5
"Emanuel Wilson","GB","rb",NA,NA,NA,NA,NA,51.1,222.5,1.5,0.1,42.8,11.1,80.3,0.6
"Keaton Mitchell","BAL","rb",NA,NA,NA,NA,NA,52.5,255,1.6,0.7,42.1,8.6,69.4,0.2
"Kimani Vidal","LAC","rb",NA,NA,NA,NA,NA,47,231.9,1.6,0.1,41.7,10.8,76.5,0.3
"Chris Rodriguez Jr.","WAS","rb",NA,NA,NA,NA,NA,0,235,2,0,40.6,7,51,0
"Dalvin Cook","DAL","rb",NA,NA,NA,NA,NA,49.3,229.5,1.6,0,40.3,8.5,60.8,0.3
"Trey Sermon","IND","rb",NA,NA,NA,NA,NA,52.8,254.5,1.4,0.1,39.8,7.9,54.5,0.2
"Eric Gray","NYG","rb",NA,NA,NA,NA,NA,39.5,206.5,1.4,0.1,39.6,10.8,73.4,0.5
"Isaac Guerendo","SF","rb",NA,NA,NA,NA,NA,39.2,226.5,1.9,0.1,39.6,6.5,52.9,0.1
"Ty Johnson","BUF","rb",NA,NA,NA,NA,NA,39.7,165.3,1.1,0.2,37.9,13.1,111.2,0.7
"Will Shipley","PHI","rb",NA,NA,NA,NA,NA,33.9,180,1.5,0.1,34,6.3,47.7,0.4
"Cam Akers","HOU","rb",NA,NA,NA,NA,NA,41.3,192.5,1.4,0.1,33,5.7,43.6,0.2
"Cordarrelle Patterson","PIT","rb",NA,NA,NA,NA,NA,36,155.5,1.1,0.1,32,10.4,79.1,0.4
"Pierre Strong Jr.","CLE","rb",NA,NA,NA,NA,NA,51.1,226.6,1.2,1.4,31.9,5.5,42.3,0.1
"Emari Demercado","ARI","rb",NA,NA,NA,NA,NA,34.2,148.9,1.1,0.4,31.6,13.4,88.4,0.4
"Evan Hull","IND","rb",NA,NA,NA,NA,NA,0,134,1,0,31.3,8,59,1
"Deuce Vaughn","DAL","rb",NA,NA,NA,NA,NA,40,148,1.2,0.4,29.3,9.1,68.5,0.2
"Isaiah Davis","NYJ","rb",NA,NA,NA,NA,NA,45.7,168.4,1.3,0.1,29.1,5.6,41,0.1
"Dylan Laube","LV","rb",NA,NA,NA,NA,NA,27,145.3,1.1,0,27.4,7.7,57.2,0.1
"Tyler Goodson","IND","rb",NA,NA,NA,NA,NA,25.1,130.9,0.9,0.1,25.7,7.5,54.4,0.4
"Jase McClellan","ATL","rb",NA,NA,NA,NA,NA,31.2,129.1,1,0,25.5,5.4,43.7,0.4
"Rasheen Ali","BAL","rb",NA,NA,NA,NA,NA,26.4,149.1,1.2,0,25.3,3.9,31,0.1
"Michael Carter","ARI","rb",NA,NA,NA,NA,NA,0,111,1,0,24,10,69,0
"Kyle Juszczyk","SF","rb",NA,NA,NA,NA,NA,5.6,20.2,0.1,0,23.8,15,143.4,1.1
"Kevin Harris","NE","rb",NA,NA,NA,NA,NA,4.5,134.1,1.1,0,23.4,5,36.6,0
"Chase Edmonds","TB","rb",NA,NA,NA,NA,NA,0,88,1,0,23.1,11,83,0
"JaMycal Hasty","NE","rb",NA,NA,NA,NA,NA,24,105.1,0.8,0.1,22.2,9.6,64.4,0.1
"Jawhar Jordan","HOU","rb",NA,NA,NA,NA,NA,0,121,1,0,20.8,4,27,0
"Deneric Prince","MIA","rb",NA,NA,NA,NA,NA,0,113,1,0,20.2,4,29,0
"Ameer Abdullah","LV","rb",NA,NA,NA,NA,NA,26.8,102.5,0.2,0,20.1,10.7,78.4,0.1
"Ronnie Rivers","LAR","rb",NA,NA,NA,NA,NA,29.7,116.7,0.8,0,20.1,4.6,33.3,0.1
"Carson Steele","KC","rb",NA,NA,NA,NA,NA,16.5,106.8,0.9,0,20,4.6,35.2,0.1
"Trayveon Williams","CIN","rb",NA,NA,NA,NA,NA,41.6,111.4,0.7,0.1,19.8,6.1,39.8,0.1
"D'Ernest Johnson","JAC","rb",NA,NA,NA,NA,NA,31.8,114,0.5,0.1,19,5.5,39.2,0.1
"Craig Reynolds","DET","rb",NA,NA,NA,NA,NA,21.6,102.6,0.8,0.1,18.7,4.1,33.3,0.1
"Jeremy McNichols","WAS","rb",NA,NA,NA,NA,NA,18.4,72.5,0.2,0,17.2,9.2,69.5,0.4
"Kenny McIntosh","SEA","rb",NA,NA,NA,NA,NA,26.9,89.4,0.6,0.1,16.4,4.1,32.2,0.1
"Blake Watson","DEN","rb",NA,NA,NA,NA,NA,14.6,84.1,0.7,0,15.9,4,28.6,0.1
"Hunter Luepke","DAL","rb",NA,NA,NA,NA,NA,7.4,26.2,1.4,0,14.9,4,27.1,0.2
"Jeff Wilson Jr.","MIA","rb",NA,NA,NA,NA,NA,15,80.2,0.6,0,14.7,3.2,23.6,0.1
"Sean Tucker","TB","rb",NA,NA,NA,NA,NA,25.5,80.6,0.6,0.1,14.2,2.8,21.4,0.1
"Dare Ogunbowale","HOU","rb",NA,NA,NA,NA,NA,16.7,56.9,0.4,0,14,7.3,54.7,0.1
"Julius Chestnut","TEN","rb",NA,NA,NA,NA,NA,20.7,74,0.5,0.1,13.8,3.9,31.4,0.1
"Jordan Mims","NO","rb",NA,NA,NA,NA,NA,14.6,60.8,0.6,0,12.5,3.5,25.3,0.1
"Cody Schrader","LAR","rb",NA,NA,NA,NA,NA,31,77,0.5,0,12.1,2,14,0
"Carlos Washington Jr.","ATL","rb",NA,NA,NA,NA,NA,0,37,1,0,11.9,4,22,0
"Boston Scott","PIT","rb",NA,NA,NA,NA,NA,2.6,54.8,0.5,0,10.7,2.4,17.5,0.1
"Israel Abanikanda","NYJ","rb",NA,NA,NA,NA,NA,14.9,57.4,0.3,0.1,10.1,2.7,19,0.1
"Sione Vaki","DET","rb",NA,NA,NA,NA,NA,12.6,60,0.2,0,9.3,2.5,18.7,0
"Avery Williams","ATL","rb",NA,NA,NA,NA,NA,7.6,35,0.4,0,9.1,3.9,23.1,0.1
"Raheem Blackshear","CAR","rb",NA,NA,NA,NA,NA,7.2,38.6,0.2,0,8.5,4.7,34.6,0
"Malik Davis","DAL","rb",NA,NA,NA,NA,NA,0,55,0,0,7.8,3,23,0
"Alec Ingold","MIA","rb",NA,NA,NA,NA,NA,1.1,4.4,0,0.1,7.8,7.6,55.5,0.3
"Hassan Haskins","LAC","rb",NA,NA,NA,NA,NA,9.5,42.1,0.1,0,7,2.7,17.4,0.1
"Emani Bailey","KC","rb",NA,NA,NA,NA,NA,0,47,0,0,6.5,2,18,0
"Travis Homer","CHI","rb",NA,NA,NA,NA,NA,2.3,32.3,0,0,6,3.1,22.1,0.1
"Patrick Taylor Jr.","SF","rb",NA,NA,NA,NA,NA,7.9,28,0.2,0,5.6,1.9,13.5,0.1
"DeeJay Dallas","ARI","rb",NA,NA,NA,NA,NA,2.5,28,0,0,5.2,3.5,24,0
"Nyheim Hines","CLE","rb",NA,NA,NA,NA,NA,1.3,17.1,0,0,5.1,4.5,32.3,0
"Reggie Gilliam","BUF","rb",NA,NA,NA,NA,NA,0,0,0,0,4.9,4.4,33.2,0.3
"Keilan Robinson","JAC","rb",NA,NA,NA,NA,NA,0,33,0,0,4.8,2,15,0
"Patrick Ricard","BAL","rb",NA,NA,NA,NA,NA,2.7,10.9,0,0,4.8,3.7,26.2,0.2
"Adam Prentice","NO","rb",NA,NA,NA,NA,NA,3.3,14,0.1,0,4.8,3.3,23,0.1
"Michael Burton","DEN","rb",NA,NA,NA,NA,NA,2.4,9.4,0,0,4.5,3.7,24.5,0.2
"Keaontay Ingram","KC","rb",NA,NA,NA,NA,NA,0,30,0,0,4,2,10,0
"Myles Gaskin","MIN","rb",NA,NA,NA,NA,NA,0,26,0,0,3.7,2,11,0
"C.J. Ham","MIN","rb",NA,NA,NA,NA,NA,2,8.3,0,0,3.7,3.3,22.4,0.1
"La'Mical Perine","GB","rb",NA,NA,NA,NA,NA,0,25,0,0,3.6,2,11,0
"Tyrion Davis-Price","PHI","rb",NA,NA,NA,NA,NA,0,17,0,0,2,1,3,0
"CeeDee Lamb","DAL","wr",NA,NA,NA,NA,NA,9.8,68.4,0.8,1.1,216.5,116.1,1488.8,9.7
"Tyreek Hill","MIA","wr",NA,NA,NA,NA,NA,5.2,30.5,0.1,1,215.7,110,1544.5,9.9
"Ja'Marr Chase","CIN","wr",NA,NA,NA,NA,NA,3,12.6,0.1,0.7,189.4,106.5,1357.3,8.9
"Justin Jefferson","MIN","wr",NA,NA,NA,NA,NA,1.2,3.8,0,1,188,105.5,1447.8,7.4
"Amon-Ra St. Brown","DET","wr",NA,NA,NA,NA,NA,4.5,31.3,0.1,0.9,186.1,111,1351.2,8.2
"A.J. Brown","PHI","wr",NA,NA,NA,NA,NA,0,1.4,0,1.3,178.7,92.9,1318.3,8.2
"Puka Nacua","LAR","wr",NA,NA,NA,NA,NA,8.9,54.7,0.2,0.7,178.1,94.7,1298.9,7.2
"Garrett Wilson","NYJ","wr",NA,NA,NA,NA,NA,3.9,19.2,0.1,1.3,167.7,95.1,1190.1,8.1
"Deebo Samuel Sr.","SF","wr",NA,NA,NA,NA,NA,35.8,208.2,3.1,1,164.9,66.9,924.6,5.9
"Mike Evans","TB","wr",NA,NA,NA,NA,NA,0,1.2,0,0.5,161.7,75.6,1121.4,8.4
"Nico Collins","HOU","wr",NA,NA,NA,NA,NA,1.4,8.6,0,0.5,158.6,78.5,1152.2,7.2
"Chris Olave","NO","wr",NA,NA,NA,NA,NA,0,1,0,0.6,158.2,89.9,1201.8,6.5
"Marvin Harrison Jr.","ARI","wr",NA,NA,NA,NA,NA,0.5,3.6,0,1.5,155.6,88.4,1174.9,6.8
"Brandon Aiyuk","SF","wr",NA,NA,NA,NA,NA,0.8,4,0,0.9,155.2,75.2,1130.6,7.2
"Drake London","ATL","wr",NA,NA,NA,NA,NA,0,2.2,0,0.9,154.6,87.9,1139.8,7
"DK Metcalf","SEA","wr",NA,NA,NA,NA,NA,0,1.2,0,0.5,154.3,73.6,1065.9,8.1
"Davante Adams","LV","wr",NA,NA,NA,NA,NA,0,1,0,0.5,151,93,1129,6.5
"Cooper Kupp","LAR","wr",NA,NA,NA,NA,NA,2.9,17.4,0.1,0.5,150.7,85.9,1060.9,7.3
"DeVonta Smith","PHI","wr",NA,NA,NA,NA,NA,0,1.2,0,0.9,149.1,84.8,1082.4,7.1
"Jaylen Waddle","MIA","wr",NA,NA,NA,NA,NA,3.6,21.1,0.1,0.5,148.3,81.8,1123.6,5.7
"DJ Moore","CHI","wr",NA,NA,NA,NA,NA,2.3,15.1,0.2,0.9,147.7,76.1,1047,7
"Amari Cooper","CLE","wr",NA,NA,NA,NA,NA,0,1,0,0.9,146.9,73,1106.9,6.3
"Tee Higgins","CIN","wr",NA,NA,NA,NA,NA,0,1,0,0.5,146.7,71.6,1026.3,7.5
"George Pickens","PIT","wr",NA,NA,NA,NA,NA,2.6,16.9,0,0.9,145.3,70.7,1089.3,6
"Tank Dell","HOU","wr",NA,NA,NA,NA,NA,11.1,61.6,0.2,0.6,143.2,70,954.4,7
"Stefon Diggs","HOU","wr",NA,NA,NA,NA,NA,1.9,9.1,0.1,1,142.1,85.1,1032,6.6
"Malik Nabers","NYG","wr",NA,NA,NA,NA,NA,0.5,5,0,1.2,141,81.2,1076.4,5.9
"Calvin Ridley","TEN","wr",NA,NA,NA,NA,NA,2.9,14.8,0,0.5,139.7,71.2,974.6,6.9
"Zay Flowers","BAL","wr",NA,NA,NA,NA,NA,7.4,46.3,0.6,1,139.6,79.4,964.5,6.2
"Rashee Rice","KC","wr",NA,NA,NA,NA,NA,1.5,7,0,1,137.6,80.7,959.8,7.1
"Michael Pittman Jr.","IND","wr",NA,NA,NA,NA,NA,0.3,3,0,1,134.8,96.7,1062.2,5
"Chris Godwin","TB","wr",NA,NA,NA,NA,NA,2.7,20.9,0.3,0.5,133,83.2,989.5,5.3
"Christian Kirk","JAC","wr",NA,NA,NA,NA,NA,1,6.4,0,1.3,131.6,80.9,1008.5,5.4
"Jayden Reed","GB","wr",NA,NA,NA,NA,NA,9.1,74,1.2,0.6,128.2,64.1,796.5,5.9
"Terry McLaurin","WAS","wr",NA,NA,NA,NA,NA,0.3,2.2,0,0.5,127.9,76.4,1009.5,4.6
"Diontae Johnson","CAR","wr",NA,NA,NA,NA,NA,1,7.2,0,0.6,124.7,72.8,905.8,5.8
"Christian Watson","GB","wr",NA,NA,NA,NA,NA,4.2,24.9,0.3,0.5,123,53.7,780.2,7
"Keenan Allen","CHI","wr",NA,NA,NA,NA,NA,1,6.3,0,1,122,79.7,895.1,5.6
"Xavier Worthy","KC","wr",NA,NA,NA,NA,NA,3.7,23.2,0.1,0.8,119.8,57,828.7,6
"Courtland Sutton","DEN","wr",NA,NA,NA,NA,NA,0,1.2,0,1.3,119.1,65.8,849.9,6.1
"DeAndre Hopkins","TEN","wr",NA,NA,NA,NA,NA,0.3,2.8,0,0.5,118.7,64.7,851.1,5.7
"Jordan Addison","MIN","wr",NA,NA,NA,NA,NA,0.3,4,0,0.5,117.9,64.9,834.1,5.9
"Rome Odunze","CHI","wr",NA,NA,NA,NA,NA,1,6.4,0,1.1,116.1,62.5,852.4,5.4
"Jameson Williams","DET","wr",NA,NA,NA,NA,NA,4.5,42.2,0.7,0.6,113.9,55.2,775.5,4.8
"Jaxon Smith-Njigba","SEA","wr",NA,NA,NA,NA,NA,0,2,0,0.6,113.6,75.6,828.5,5.3
"Brian Thomas Jr.","JAC","wr",NA,NA,NA,NA,NA,0.7,6,0,1.1,113,63.2,845.3,5
"Marquise Brown","KC","wr",NA,NA,NA,NA,NA,1.2,10.3,0,0.4,112.3,56.7,755.1,6.1
"Ladd McConkey","LAC","wr",NA,NA,NA,NA,NA,1.1,6.7,0,1.1,111,66.2,822.2,5
"Jerry Jeudy","CLE","wr",NA,NA,NA,NA,NA,0.3,5.3,0,0.6,110.6,61.9,851,4.3
"Gabe Davis","JAC","wr",NA,NA,NA,NA,NA,0.3,1.3,0,0.9,106.7,50,739.3,5.7
"Tyler Lockett","SEA","wr",NA,NA,NA,NA,NA,0,1.5,0,0.5,106.2,66.3,760.1,5.2
"Joshua Palmer","LAC","wr",NA,NA,NA,NA,NA,0.3,2.8,0,0.9,105.6,62.1,786.9,4.7
"Curtis Samuel","BUF","wr",NA,NA,NA,NA,NA,11.3,66.7,1,0.5,105.5,61,663,4.6
"Brandin Cooks","DAL","wr",NA,NA,NA,NA,NA,3.4,20.7,0.1,0.5,104.5,56.5,692.8,5.6
"Mike Williams","NYJ","wr",NA,NA,NA,NA,NA,2.3,9.2,0,0.5,104.5,56.1,752.5,4.8
"Khalil Shakir","BUF","wr",NA,NA,NA,NA,NA,0.3,3.2,0,0.2,104.4,59.2,776,4.5
"Jakobi Meyers","LV","wr",NA,NA,NA,NA,NA,2.4,15.6,0.3,0.5,102.9,64.7,728.2,4.6
"Keon Coleman","BUF","wr",NA,NA,NA,NA,NA,1,4.8,0,1.1,102.7,55.8,745.3,5
"Rashid Shaheed","NO","wr",NA,NA,NA,NA,NA,4.3,33.2,0,0.9,101.4,51.5,742.2,4.2
"Romeo Doubs","GB","wr",NA,NA,NA,NA,NA,0,1.5,0,0.5,101.4,55.8,686.3,5.6
"DeMario Douglas","NE","wr",NA,NA,NA,NA,NA,8.4,44.4,0.1,0.9,97.2,61.7,745.7,3.2
"Darnell Mooney","ATL","wr",NA,NA,NA,NA,NA,2.1,12.1,0.1,0.2,96.5,50.9,703.4,4.1
"Adam Thielen","CAR","wr",NA,NA,NA,NA,NA,0.3,3,0,0.6,95.5,69,695.5,4.5
"John Stephens Jr.","DAL","wr",NA,NA,NA,NA,NA,2,10,0,2,92.1,53,711,4
"Ja'Lynn Polk","NE","wr",NA,NA,NA,NA,NA,0.7,5.8,0,0.8,90.4,58.7,721,3.2
"Dontayvion Wicks","GB","wr",NA,NA,NA,NA,NA,0.3,3.8,0,0.5,89.5,46.1,615.3,4.8
"Adonai Mitchell","IND","wr",NA,NA,NA,NA,NA,0.7,4.8,0,0.8,87.2,48.6,657.2,3.8
"Michael Wilson","ARI","wr",NA,NA,NA,NA,NA,0,1.3,0,0.2,86.8,49.8,651,3.7
"Demarcus Robinson","LAR","wr",NA,NA,NA,NA,NA,0.3,7.8,0,0.6,84.5,45.8,587.1,4.4
"DJ Chark Jr.","LAC","wr",NA,NA,NA,NA,NA,0,1.8,0,0.5,83.6,39.1,560.6,4.7
"Josh Downs","IND","wr",NA,NA,NA,NA,NA,0,5.3,0,0.5,81.9,54.9,626.5,3.3
"Rashod Bateman","BAL","wr",NA,NA,NA,NA,NA,0.3,4.8,0,0.2,81.5,46.2,604.8,3.5
"Wan'Dale Robinson","NYG","wr",NA,NA,NA,NA,NA,8.1,58.1,0.5,0.5,80.9,61.1,567.6,2.8
"Darius Slayton","NYG","wr",NA,NA,NA,NA,NA,0,1.3,0,0.1,80.3,43.4,612.2,3.2
"Xavier Legette","CAR","wr",NA,NA,NA,NA,NA,2.8,17.2,0.1,0.4,78.9,45.6,593.2,3
"Josh Reynolds","DEN","wr",NA,NA,NA,NA,NA,0,1.5,0,0.5,74.2,41,532.4,3.6
"Marvin Mims Jr.","DEN","wr",NA,NA,NA,NA,NA,3.9,23.5,0.1,0.3,72.2,41.2,541.1,2.6
"Jalen McMillan","TB","wr",NA,NA,NA,NA,NA,0.7,7.5,0,0.8,71.5,43.9,524.2,3.3
"Quentin Johnston","LAC","wr",NA,NA,NA,NA,NA,1.7,6.8,0,0.1,70.2,40.6,504.7,3.2
"Jalin Hyatt","NYG","wr",NA,NA,NA,NA,NA,0,1,0,0.3,68.6,43.2,539.6,2.5
"Kendrick Bourne","NE","wr",NA,NA,NA,NA,NA,2.8,17.1,0,0.5,66.8,39.1,471.3,3.1
"Tyler Boyd","TEN","wr",NA,NA,NA,NA,NA,1.3,7.6,0,0.5,66.1,47.4,512.1,2.5
"Tim Patrick","DET","wr",NA,NA,NA,NA,NA,0,9,0,0,65.6,38,467,3
"Roman Wilson","PIT","wr",NA,NA,NA,NA,NA,0.7,10,0,0.4,65,37,480.1,2.8
"Jalen Tolbert","DAL","wr",NA,NA,NA,NA,NA,0,2.3,0,0.2,64.3,37.5,464.5,3
"Jahan Dotson","PHI","wr",NA,NA,NA,NA,NA,0,2,0,0.4,63.7,35.5,436.3,3.5
"Andrei Iosivas","CIN","wr",NA,NA,NA,NA,NA,0,3.3,0,0.2,61.9,36.3,425.3,3.2
"Jermaine Burton","CIN","wr",NA,NA,NA,NA,NA,0.7,4.3,0,0.4,61.6,34.9,443,2.9
"Tre Tucker","LV","wr",NA,NA,NA,NA,NA,6.1,39.9,0.2,0.3,61.4,35,424.4,2.4
"Ray-Ray McCloud III","ATL","wr",NA,NA,NA,NA,NA,6.9,46.8,0.2,0.2,59.6,36.5,374.1,2.8
"Greg Dortch","ARI","wr",NA,NA,NA,NA,NA,3.2,21.2,0.1,0.1,59.6,40.9,424,2.5
"Troy Franklin","DEN","wr",NA,NA,NA,NA,NA,0,2.5,0,0.1,59.4,35.6,443.3,2.5
"Ricky Pearsall","SF","wr",NA,NA,NA,NA,NA,2.4,15.3,0.1,0.1,59.3,32.2,393.9,3
"Noah Brown","WAS","wr",NA,NA,NA,NA,NA,0.3,0.8,0,0.1,58.8,33.9,465.9,2.1
"Elijah Moore","CLE","wr",NA,NA,NA,NA,NA,4.4,14.7,0,0.4,58.7,37.2,428.5,2.5
"Malachi Corley","NYJ","wr",NA,NA,NA,NA,NA,3.6,24.7,0.1,0.7,56.9,35.2,404.1,2.5
"Luke McCaffrey","WAS","wr",NA,NA,NA,NA,NA,0.7,9.3,0,0.4,54.9,35.6,420.1,2.1
"Jonathan Mingo","CAR","wr",NA,NA,NA,NA,NA,0,3,0,0.1,54.7,36,422.7,2.1
"Dyami Brown","WAS","wr",NA,NA,NA,NA,NA,0,2.8,0,0.1,54.7,29.6,401.7,2.4
"Odell Beckham Jr.","MIA","wr",NA,NA,NA,NA,NA,0,2,0,0.4,52.7,27.9,379.6,2.6
"Kalif Raymond","DET","wr",NA,NA,NA,NA,NA,2.2,24.6,0.1,0.2,49.6,28.9,357,1.9
"Cedrick Wilson Jr.","NO","wr",NA,NA,NA,NA,NA,0.3,2.3,0,0.1,49.5,26.6,330.5,2.7
"Alec Pierce","IND","wr",NA,NA,NA,NA,NA,0,1.3,0,0.1,48.4,24.1,362.6,2
"Treylon Burks","TEN","wr",NA,NA,NA,NA,NA,1.8,18.7,0.1,0.6,47.4,27,357.8,1.8
"Trey Palmer","TB","wr",NA,NA,NA,NA,NA,4.2,20.2,0.1,0.2,47.3,27.6,329,2
"A.T. Perry","NO","wr",NA,NA,NA,NA,NA,0.3,1.8,0,0,46.6,21.8,318.3,2.4
"KaVontae Turpin","DAL","wr",NA,NA,NA,NA,NA,8.7,67.2,0.4,0.4,46.3,18.7,220.4,2.7
"Jalen Nailor","MIN","wr",NA,NA,NA,NA,NA,0,0.3,0,0.1,44.2,27.5,341.6,1.7
"Van Jefferson","PIT","wr",NA,NA,NA,NA,NA,0,4,0,0.1,44.2,24.1,327.2,1.9
"Zay Jones","ARI","wr",NA,NA,NA,NA,NA,0.3,2.3,0,0.4,43.5,29.2,309.2,2.2
"Calvin Austin III","PIT","wr",NA,NA,NA,NA,NA,4.5,36.3,0.1,0.2,43.3,25.4,294.8,1.6
"Cedric Tillman","CLE","wr",NA,NA,NA,NA,NA,0,1.7,0,0.2,42.4,24.2,308,2
"Jauan Jennings","SF","wr",NA,NA,NA,NA,NA,0,3.3,0,0.1,42.3,24.8,303,2
"Nelson Agholor","BAL","wr",NA,NA,NA,NA,NA,0,2,0,0.1,41.9,23.3,291.8,2.1
"K.J. Osborn","NE","wr",NA,NA,NA,NA,NA,0,2,0,0.1,40,24.8,299.7,1.7
"Devontez Walker","BAL","wr",NA,NA,NA,NA,NA,0,3.5,0,0,39.8,22.3,273.2,2
"KhaDarel Hodge","ATL","wr",NA,NA,NA,NA,NA,0,0,0,0.3,36.9,20.6,272,1.7
"Olamide Zaccheaus","WAS","wr",NA,NA,NA,NA,NA,0,5,0,0.1,36.8,22.1,270.4,1.6
"Javon Baker","NE","wr",NA,NA,NA,NA,NA,0,7.3,0,0,36.2,22.4,269,1.4
"Allen Lazard","NYJ","wr",NA,NA,NA,NA,NA,0,0.7,0,0.1,35.7,19.4,249.8,1.8
"Xavier Gipson","NYJ","wr",NA,NA,NA,NA,NA,4.6,32.6,0.2,0.1,35.6,19.4,221.3,1.6
"John Metchie III","HOU","wr",NA,NA,NA,NA,NA,0,5.3,0,0.1,32.7,19.2,232.7,1.5
"Trenton Irwin","CIN","wr",NA,NA,NA,NA,NA,0,1.5,0,0.1,32.3,18.2,230.5,1.5
"JuJu Smith-Schuster","KC","wr",NA,NA,NA,NA,NA,0.3,1,0,0,31.9,21.2,223.8,1.6
"Parker Washington","JAC","wr",NA,NA,NA,NA,NA,0,4,0,0,31.7,20.4,217.1,1.6
"Tutu Atwell","LAR","wr",NA,NA,NA,NA,NA,2.2,14.1,0.1,0.1,31.7,17.4,229.7,1.2
"Tyquan Thornton","NE","wr",NA,NA,NA,NA,NA,1.2,8,0,0.1,26.6,16,198.6,1
"Mack Hollins","BUF","wr",NA,NA,NA,NA,NA,0,0,0,0,26.3,14.4,185.4,1.3
"D.J. Montgomery","IND","wr",NA,NA,NA,NA,NA,0,6,0,0,25.8,16,192,1
"Jake Bobo","SEA","wr",NA,NA,NA,NA,NA,0,1.3,0,0.1,25,15,173.7,1.3
"Isaiah Hodgins","NYG","wr",NA,NA,NA,NA,NA,0,4,0,0,24.7,14,183,1
"David Bell","CLE","wr",NA,NA,NA,NA,NA,0,1,0,0,24.7,15.2,157.5,1.5
"Justin Watson","KC","wr",NA,NA,NA,NA,NA,0,0,0,0.1,24.5,12.3,172.9,1.2
"Rakim Jarrett","TB","wr",NA,NA,NA,NA,NA,0,10,0,0,24.5,14,175,1
"Donovan Peoples-Jones","DET","wr",NA,NA,NA,NA,NA,0,4,0,0,24.5,13,181,1
"Malik Washington","MIA","wr",NA,NA,NA,NA,NA,2.1,13.3,0.1,0,23,12.6,157,1
"Isaiah Williams","DET","wr",NA,NA,NA,NA,NA,0,0,0,0.1,22.5,13.6,161.8,1.1
"Trent Sherfield Sr.","MIN","wr",NA,NA,NA,NA,NA,0,2,0,0,22.5,13.9,165.6,1
"Marquez Valdes-Scantling","BUF","wr",NA,NA,NA,NA,NA,0,1,0,0,22.4,9.9,155,1.2
"Bub Means","NO","wr",NA,NA,NA,NA,NA,0,0,0,0,22.3,13.2,160.2,1.1
"Parris Campbell","PHI","wr",NA,NA,NA,NA,NA,0,5,0,0,21.7,14,152,1
"Brandon Powell","MIN","wr",NA,NA,NA,NA,NA,1.9,14.6,0,0.1,21.1,14.7,143.4,0.9
"Ainias Smith","PHI","wr",NA,NA,NA,NA,NA,0,6,0,0,20.7,11,141,1
"Jamari Thrash","CLE","wr",NA,NA,NA,NA,NA,0,6,0,0,20.7,11,141,1
"Ryan Flournoy","DAL","wr",NA,NA,NA,NA,NA,0,0,0,0,20.5,12,141.1,1.1
"Jacob Cowing","SF","wr",NA,NA,NA,NA,NA,0,6,0,0,20,11,134,1
"Braxton Berrios","MIA","wr",NA,NA,NA,NA,NA,0,2.7,0,0.1,19.8,14.4,140.5,0.9
"Johnny Wilson","PHI","wr",NA,NA,NA,NA,NA,0,2.5,0,0,19.3,11.8,140,0.9
"Nick Westbrook-Ikhine","TEN","wr",NA,NA,NA,NA,NA,0,1.3,0,0,19.2,10.6,143.3,0.8
"Marcus Rosemy-Jacksaint","PHI","wr",NA,NA,NA,NA,NA,0,6,0,0,19.2,10,126,1
"Devaughn Vele","DEN","wr",NA,NA,NA,NA,NA,0,0,0,0,19.1,11.8,139.1,0.9
"Tahj Washington","MIA","wr",NA,NA,NA,NA,NA,0,0,0,0,19.1,11,131,1
"Brandon Johnson","PIT","wr",NA,NA,NA,NA,NA,0,7,0,0,19.1,10,124,1
"Nikko Remigio","KC","wr",NA,NA,NA,NA,NA,0,0,0,0,19,10,130,1
"KJ Hamler","BUF","wr",NA,NA,NA,NA,NA,0,5,0,0,19,9,125,1
"Quez Watkins","PIT","wr",NA,NA,NA,NA,NA,0,3,0,0,19,9,127,1
"Michael Woods II","CLE","wr",NA,NA,NA,NA,NA,0,4,0,0,18.3,9,119,1
"Tejhaun Palmer","ARI","wr",NA,NA,NA,NA,NA,0,0,0,0,18.2,11,122,1
"Jordan Whittington","LAR","wr",NA,NA,NA,NA,NA,0,0,0,0,18.2,10.8,129.6,0.9
"Isaiah McKenzie","NYG","wr",NA,NA,NA,NA,NA,0,10,0,0,17.7,11,107,1
"Allen Robinson II","DET","wr",NA,NA,NA,NA,NA,0,4,0,0,17.7,11,113,1
"Ben Skowronek","PIT","wr",NA,NA,NA,NA,NA,0,4,0,0,17.5,9,111,1
"Tyler Scott","CHI","wr",NA,NA,NA,NA,NA,2.1,18.2,0.1,0,17.1,8.9,101.7,0.8
"Justyn Ross","KC","wr",NA,NA,NA,NA,NA,0,0,0,0,16.3,8,103,1
"Jamison Crowder","WAS","wr",NA,NA,NA,NA,NA,0,0,0,0,16.1,12,118.3,0.7
"Derius Davis","LAC","wr",NA,NA,NA,NA,NA,6.7,38.6,0.1,0.1,15.8,7,81.2,0.6
"Equanimeous St. Brown","NO","wr",NA,NA,NA,NA,NA,0,4,0,0,15.5,7,91,1
"Casey Washington","ATL","wr",NA,NA,NA,NA,NA,0,0,0,0,15.5,8.7,105.8,0.8
"Jalen Brooks","DAL","wr",NA,NA,NA,NA,NA,0,0,0,0,15.4,11.5,106.9,0.8
"Skyy Moore","KC","wr",NA,NA,NA,NA,NA,0,3,0,0.1,14.8,8.5,99.5,0.8
"David Moore","CAR","wr",NA,NA,NA,NA,NA,0,1.7,0,0.1,14.8,8.1,108,0.7
"Devin Duvernay","JAC","wr",NA,NA,NA,NA,NA,3.3,16.9,0.1,0.1,13.4,8.8,88.5,0.4
"Jalen Reagor","NE","wr",NA,NA,NA,NA,NA,0,2,0,0,13.2,7,90.3,0.7
"Robert Woods","HOU","wr",NA,NA,NA,NA,NA,0,1.3,0,0,12.8,8.3,89.4,0.6
"Brenden Rice","LAC","wr",NA,NA,NA,NA,NA,0,2,0,0,12.7,7.2,87.9,0.6
"Chris Moore","ARI","wr",NA,NA,NA,NA,NA,0,3.3,0,0,12.7,7.7,92.6,0.5
"Zach Pascal","ARI","wr",NA,NA,NA,NA,NA,0,2,0,0,12.5,6.8,83.5,0.7
"Mason Tipton","NO","wr",NA,NA,NA,NA,NA,0,0,0,0,12.4,7.7,86.1,0.6
"Kayshon Boutte","NE","wr",NA,NA,NA,NA,NA,0,2.5,0,0,12.3,6.9,86.2,0.6
"Robbie Chosen","MIA","wr",NA,NA,NA,NA,NA,0,2,0,0,11.9,6.6,79,0.6
"Xavier Hutchinson","HOU","wr",NA,NA,NA,NA,NA,0,7,0,0,11.9,6.4,76.6,0.6
"Mecole Hardman Jr.","KC","wr",NA,NA,NA,NA,NA,2.1,15.4,0.1,0,11.8,5.1,64.5,0.6
"Anthony Gould","IND","wr",NA,NA,NA,NA,NA,0,0,0,0,11.8,6.8,80.8,0.6
"Deonte Harty","BAL","wr",NA,NA,NA,NA,NA,0,5,0,0,11.8,6.3,77.2,0.6
"Jalen Guyton","LV","wr",NA,NA,NA,NA,NA,0,2,0,0,11.7,6,79.9,0.6
"Charlie Jones","CIN","wr",NA,NA,NA,NA,NA,0,1.7,0,0,11.7,6.8,83.2,0.5
"Ashton Dulin","IND","wr",NA,NA,NA,NA,NA,0,2,0,0,11.6,6.5,75.1,0.7
"Ronnie Bell","SF","wr",NA,NA,NA,NA,NA,0,2,0,0,11.6,6.5,78,0.6
"Jason Brownlee","NYJ","wr",NA,NA,NA,NA,NA,0,1.5,0,0,11.5,6.3,78.6,0.6
"Laviska Shenault Jr.","SEA","wr",NA,NA,NA,NA,NA,5.3,36.6,0.1,0.1,11,5.2,54.9,0.2
"Chris Conley","SF","wr",NA,NA,NA,NA,NA,0,2,0,0,10.5,5.4,67.2,0.6
"Bo Melton","GB","wr",NA,NA,NA,NA,NA,1,6.3,0,0.1,10.4,5.9,68.6,0.5
"Bryce Ford-Wheaton","NYG","wr",NA,NA,NA,NA,NA,0,0,0,0,9.6,7.1,74.8,0.4
"River Cracraft","MIA","wr",NA,NA,NA,NA,NA,0,0,0,0,9.5,9.3,78.9,0.3
"Tim Jones","JAC","wr",NA,NA,NA,NA,NA,0,2,0,0,9.4,4.9,56.9,0.6
"Malik Heath","GB","wr",NA,NA,NA,NA,NA,0,1,0,0,8.8,4.9,56.7,0.5
"Scotty Miller","PIT","wr",NA,NA,NA,NA,NA,0,1.3,0,0,8.6,5.6,69.6,0.3
"Dareke Young","SEA","wr",NA,NA,NA,NA,NA,0,0,0,0,8.1,5.1,59.7,0.4
"Tre'Quan Smith","DET","wr",NA,NA,NA,NA,NA,0,0,0,0,7.4,11,74,0
"Britain Covey","PHI","wr",NA,NA,NA,NA,NA,0,0,0,0,7.2,5.2,57.3,0.3
"Terrace Marshall Jr.","SF","wr",NA,NA,NA,NA,NA,0,4,0,0,6.8,5,64,0
"Dee Eskridge","MIA","wr",NA,NA,NA,NA,NA,0,6,0,0,6.2,4,56,0
"Gunner Olszewski","NYG","wr",NA,NA,NA,NA,NA,0,0,0,0,5.6,4.2,44.5,0.2
"DJ Turner","LV","wr",NA,NA,NA,NA,NA,0,0,0,0.1,4.9,3.3,37.4,0.2
"Tylan Wallace","BAL","wr",NA,NA,NA,NA,NA,0,2,0,0,4.8,3.2,41.3,0.1
"Velus Jones Jr.","CHI","wr",NA,NA,NA,NA,NA,2.3,9.7,0.1,0,4.4,1.9,25.1,0.1
"Irvin Charles","NYJ","wr",NA,NA,NA,NA,NA,0,0,0,0,4.3,2.6,29.7,0.2
"Jha'Quan Jackson","TEN","wr",NA,NA,NA,NA,NA,0,0,0,0,4.1,4,41,0
"Tyler Johnson","LAR","wr",NA,NA,NA,NA,NA,0,0,0,0,3.8,2.1,25.1,0.2
"Montrell Washington","KC","wr",NA,NA,NA,NA,NA,0,0,0,0,3.1,1.7,21,0.2
"Simi Fehoko","LAC","wr",NA,NA,NA,NA,NA,0,0,0,0,3,1.7,20.2,0.2
"Cody White","SEA","wr",NA,NA,NA,NA,NA,0,0,0,0,3,1.7,19.5,0.2
"Trishton Jackson","MIN","wr",NA,NA,NA,NA,NA,0,0,0,0,2.9,1.7,18.8,0.2
"Kristian Wilkerson","LV","wr",NA,NA,NA,NA,NA,0,0,0,0,2.8,1.5,17.5,0.2
"DeAndre Carter","CHI","wr",NA,NA,NA,NA,NA,0,6,0,0,2.7,2,21,0
"David Sills V","DEN","wr",NA,NA,NA,NA,NA,0,0,0,0,2.5,1.5,16.9,0.1
"Byron Pringle","WAS","wr",NA,NA,NA,NA,NA,0,1,0,0,2.5,1.9,18.9,0.1
"Travis Kelce","KC","te",NA,NA,NA,NA,NA,NA,NA,NA,0.8,140.3,88.9,959.8,7.5
"Sam LaPorta","DET","te",NA,NA,NA,NA,NA,NA,NA,NA,0.4,134.6,86.3,891.3,7.7
"Mark Andrews","BAL","te",NA,NA,NA,NA,NA,NA,NA,NA,0.5,133.3,71.9,869.3,7.9
"George Kittle","SF","te",NA,NA,NA,NA,NA,NA,NA,NA,0.4,123.3,65.2,881.4,6
"Trey McBride","ARI","te",NA,NA,NA,NA,NA,NA,NA,NA,0.5,117.3,86,879.8,5.1
"Kyle Pitts","ATL","te",NA,NA,NA,NA,NA,NA,NA,NA,0.4,117.3,67.9,871,5.2
"Dalton Kincaid","BUF","te",NA,NA,NA,NA,NA,NA,NA,NA,0.8,112.9,82.3,821.8,5.4
"Jake Ferguson","DAL","te",NA,NA,NA,NA,NA,NA,NA,NA,0.4,108.2,70.7,736.8,5.9
"David Njoku","CLE","te",NA,NA,NA,NA,NA,NA,NA,NA,1.2,107.7,69.8,772.5,5.5
"Evan Engram","JAC","te",NA,NA,NA,NA,NA,NA,NA,NA,0.9,103.1,85.4,786.9,4.4
"Brock Bowers","LV","te",NA,NA,NA,NA,NA,NA,NA,NA,1.1,95,62.9,696.1,4.6
"Dallas Goedert","PHI","te",NA,NA,NA,NA,NA,NA,NA,NA,0.5,92.3,65.5,690.7,4
"Dalton Schultz","HOU","te",NA,NA,NA,NA,NA,NA,NA,NA,0.8,88.4,56.9,607.8,4.9
"Taysom Hill","NO","te",NA,NA,NA,NA,NA,NA,NA,NA,0.4,87.9,28.8,272.3,2.1
"Pat Freiermuth","PIT","te",NA,NA,NA,NA,NA,NA,NA,NA,0.5,81.2,54.8,572.5,4.1
"Hunter Henry","NE","te",NA,NA,NA,NA,NA,NA,NA,NA,0.1,75.4,48.4,500,4.3
"Cole Kmet","CHI","te",NA,NA,NA,NA,NA,NA,NA,NA,0.5,74.6,50.9,503.4,4.2
"T.J. Hockenson","MIN","te",NA,NA,NA,NA,NA,NA,NA,NA,0.8,73.6,56.1,561.3,3.2
"Tyler Conklin","NYJ","te",NA,NA,NA,NA,NA,NA,NA,NA,0.1,73,53.3,532.2,3.3
"Cade Otton","TB","te",NA,NA,NA,NA,NA,NA,NA,NA,0.4,70.7,49.3,490,3.8
"Luke Musgrave","GB","te",NA,NA,NA,NA,NA,NA,NA,NA,0.1,70.2,47.5,497.4,3.4
"Juwan Johnson","NO","te",NA,NA,NA,NA,NA,NA,NA,NA,0.1,70,41.7,453.9,4.1
"Isaiah Likely","BAL","te",NA,NA,NA,NA,NA,NA,NA,NA,0.1,66.8,35.2,423.2,4.1
"Chigoziem Okonkwo","TEN","te",NA,NA,NA,NA,NA,NA,NA,NA,0.4,66.7,48.2,513.2,2.7
"Noah Fant","SEA","te",NA,NA,NA,NA,NA,NA,NA,NA,0.1,65.3,45.9,488.6,2.8
"Jonnu Smith","MIA","te",NA,NA,NA,NA,NA,NA,NA,NA,0.4,58.1,37.8,417,2.9
"Hayden Hurst","LAC","te",NA,NA,NA,NA,NA,NA,NA,NA,0.1,56,40.6,390.8,2.9
"Mike Gesicki","CIN","te",NA,NA,NA,NA,NA,NA,NA,NA,0.1,53.8,35.9,352.8,3.1
"Ben Sinnott","WAS","te",NA,NA,NA,NA,NA,NA,NA,NA,0.4,51.2,36.8,373.7,2.4
"Zach Ertz","WAS","te",NA,NA,NA,NA,NA,NA,NA,NA,0.1,50.8,37.9,349.2,2.7
"Dawson Knox","BUF","te",NA,NA,NA,NA,NA,NA,NA,NA,0.1,49.3,28.3,297.4,3.3
"Tucker Kraft","GB","te",NA,NA,NA,NA,NA,NA,NA,NA,0.1,49,32.7,341.5,2.5
"Greg Dulcich","DEN","te",NA,NA,NA,NA,NA,NA,NA,NA,0.1,48.8,33.5,377,1.9
"Theo Johnson","NYG","te",NA,NA,NA,NA,NA,NA,NA,NA,0.6,47.4,35.6,345.7,2.3
"Kylen Granson","IND","te",NA,NA,NA,NA,NA,NA,NA,NA,0.1,45.7,31,333.6,2.1
"Gerald Everett","CHI","te",NA,NA,NA,NA,NA,NA,NA,NA,0.1,45.4,32.5,302,2.6
"Tyler Higbee","LAR","te",NA,NA,NA,NA,NA,NA,NA,NA,0.1,44.5,31.8,323.9,2
"Ja'Tavion Sanders","CAR","te",NA,NA,NA,NA,NA,NA,NA,NA,0.4,44.1,29.9,311,2.3
"Michael Mayer","LV","te",NA,NA,NA,NA,NA,NA,NA,NA,0.1,43.1,29,313,2
"Colby Parkinson","LAR","te",NA,NA,NA,NA,NA,NA,NA,NA,0.1,42.8,27.8,293.6,2.3
"Tommy Tremble","CAR","te",NA,NA,NA,NA,NA,NA,NA,NA,0.1,40.8,27.5,261.6,2.5
"Daniel Bellinger","NYG","te",NA,NA,NA,NA,NA,NA,NA,NA,0.1,40.3,31.4,297.5,1.8
"Noah Gray","KC","te",NA,NA,NA,NA,NA,NA,NA,NA,0.1,34.1,22.7,237.7,1.7
"Will Dissly","LAC","te",NA,NA,NA,NA,NA,NA,NA,NA,0.1,33.2,24.8,238.6,1.6
"Mo Alie-Cox","IND","te",NA,NA,NA,NA,NA,NA,NA,NA,0,31.6,17.3,193.9,2
"Brevin Jordan","HOU","te",NA,NA,NA,NA,NA,NA,NA,NA,0,28.6,14.6,183.8,1.7
"Josh Oliver","MIN","te",NA,NA,NA,NA,NA,NA,NA,NA,0.4,26.8,19.7,190.6,1.4
"Durham Smythe","MIA","te",NA,NA,NA,NA,NA,NA,NA,NA,0,26.8,19.6,191.4,1.3
"Jaheim Bell","NE","te",NA,NA,NA,NA,NA,NA,NA,NA,0,26.3,16.5,172.5,1.5
"Adam Trautman","DEN","te",NA,NA,NA,NA,NA,NA,NA,NA,0,26,17.3,168.4,1.5
"Brock Wright","DET","te",NA,NA,NA,NA,NA,NA,NA,NA,0.1,26,17.1,163.2,1.6
"Tanner Hudson","CIN","te",NA,NA,NA,NA,NA,NA,NA,NA,0,25.3,17.8,171.4,1.4
"Austin Hooper","NE","te",NA,NA,NA,NA,NA,NA,NA,NA,0,23.9,19.4,184.1,0.9
"Jeremy Ruckert","NYJ","te",NA,NA,NA,NA,NA,NA,NA,NA,0.1,23.8,16.7,165.9,1.2
"Donald Parham Jr.","DEN","te",NA,NA,NA,NA,NA,NA,NA,NA,0,23.7,14.4,150.6,1.4
"Elijah Higgins","ARI","te",NA,NA,NA,NA,NA,NA,NA,NA,0,23.6,16.3,177.6,1
"Johnny Mundt","MIN","te",NA,NA,NA,NA,NA,NA,NA,NA,0.1,23.5,18.4,174.1,1
"Robert Tonyan","MIN","te",NA,NA,NA,NA,NA,NA,NA,NA,0,21.3,15,153,1
"Darnell Washington","PIT","te",NA,NA,NA,NA,NA,NA,NA,NA,0,20.6,15.5,151.7,0.9
"Luke Schoonmaker","DAL","te",NA,NA,NA,NA,NA,NA,NA,NA,0,20,12.4,123.9,1.3
"Josh Whyle","TEN","te",NA,NA,NA,NA,NA,NA,NA,NA,0,19.2,12.5,127.7,1.1
"Davis Allen","LAR","te",NA,NA,NA,NA,NA,NA,NA,NA,0,18.7,12.6,129.2,1
"Foster Moreau","NO","te",NA,NA,NA,NA,NA,NA,NA,NA,0,18.6,11.6,128.6,1
"Jordan Akins","CLE","te",NA,NA,NA,NA,NA,NA,NA,NA,0.1,18.5,12.5,124.7,1
"Devin Culp","TB","te",NA,NA,NA,NA,NA,NA,NA,NA,0,18.4,12,124,1
"Tanner McLachlan","CIN","te",NA,NA,NA,NA,NA,NA,NA,NA,0,18.3,12,122.5,1
"Pharaoh Brown","SEA","te",NA,NA,NA,NA,NA,NA,NA,NA,0,18,11.5,126.4,0.9
"Will Mallory","IND","te",NA,NA,NA,NA,NA,NA,NA,NA,0,17.9,12.1,126.9,0.9
"AJ Barner","SEA","te",NA,NA,NA,NA,NA,NA,NA,NA,0,17.1,11.6,118.3,0.9
"Stone Smartt","LAC","te",NA,NA,NA,NA,NA,NA,NA,NA,0,17.1,10.6,117.8,0.9
"Connor Heyward","PIT","te",NA,NA,NA,NA,NA,NA,NA,NA,0,17.1,14.6,130.5,0.7
"Jared Wiley","KC","te",NA,NA,NA,NA,NA,NA,NA,NA,0,16.8,11,112.6,0.9
"Drew Ogletree","IND","te",NA,NA,NA,NA,NA,NA,NA,NA,0,16.4,9.5,114.3,0.8
"Ian Thomas","CAR","te",NA,NA,NA,NA,NA,NA,NA,NA,0,16.3,12.7,129.5,0.6
"Travis Vokolek","ARI","te",NA,NA,NA,NA,NA,NA,NA,NA,0,16.2,11,102,1
"Jack Stoll","PHI","te",NA,NA,NA,NA,NA,NA,NA,NA,0,15.5,9,95,1
"Brenton Strange","JAC","te",NA,NA,NA,NA,NA,NA,NA,NA,0,15.2,9.7,92.1,1
"Cade Stover","HOU","te",NA,NA,NA,NA,NA,NA,NA,NA,0,15.2,10,105.8,0.8
"Erick All Jr.","CIN","te",NA,NA,NA,NA,NA,NA,NA,NA,0,15,10.3,103,0.8
"Cameron Latu","CLE","te",NA,NA,NA,NA,NA,NA,NA,NA,0,14.8,13,88,1
"Tip Reiman","ARI","te",NA,NA,NA,NA,NA,NA,NA,NA,0,14.7,10.2,99.1,0.8
"Lucas Krull","DEN","te",NA,NA,NA,NA,NA,NA,NA,NA,0,14.7,9.6,103.5,0.7
"Albert Okwuegbunam Jr.","PHI","te",NA,NA,NA,NA,NA,NA,NA,NA,0,14.2,8,82,1
"Dallin Holker","NO","te",NA,NA,NA,NA,NA,NA,NA,NA,0,14.1,9.3,95.4,0.8
"Payne Durham","TB","te",NA,NA,NA,NA,NA,NA,NA,NA,0,14,9.2,96.8,0.7
"Drew Sample","CIN","te",NA,NA,NA,NA,NA,NA,NA,NA,0,14,10.5,94.3,0.8
"MyCole Pruitt","PIT","te",NA,NA,NA,NA,NA,NA,NA,NA,0,12.7,6.5,67.1,1
"Grant Calcaterra","PHI","te",NA,NA,NA,NA,NA,NA,NA,NA,0,12.6,8.5,85.8,0.7
"Luke Farrell","JAC","te",NA,NA,NA,NA,NA,NA,NA,NA,0,12.6,8.7,87.9,0.7
"Ross Dwelley","ATL","te",NA,NA,NA,NA,NA,NA,NA,NA,0,12.3,6,83.6,0.7
"Quintin Morris","BUF","te",NA,NA,NA,NA,NA,NA,NA,NA,0,11.8,6.2,65.5,0.9
"Peyton Hendershot","KC","te",NA,NA,NA,NA,NA,NA,NA,NA,0,11.6,7.7,77.3,0.6
"Harrison Bryant","LV","te",NA,NA,NA,NA,NA,NA,NA,NA,0,11.6,7.8,73.9,0.7
"Brenden Bates","NYJ","te",NA,NA,NA,NA,NA,NA,NA,NA,0,11,7.4,71,0.7
"Hunter Long","LAR","te",NA,NA,NA,NA,NA,NA,NA,NA,0,10.4,6.3,64.7,0.7
"John Bates","WAS","te",NA,NA,NA,NA,NA,NA,NA,NA,0,10,8.1,76,0.4
"Marcedes Lewis","CHI","te",NA,NA,NA,NA,NA,NA,NA,NA,0,9.9,6.9,59.2,0.7
"Ben Sims","GB","te",NA,NA,NA,NA,NA,NA,NA,NA,0,9.9,5.6,49.5,0.8
"John Stephens Jr.","DAL","te",NA,NA,NA,NA,NA,NA,NA,NA,0,9.4,6.2,63.9,0.5
"Charlie Kolar","BAL","te",NA,NA,NA,NA,NA,NA,NA,NA,0,8.8,5.8,63.5,0.4
"Ko Kieft","TB","te",NA,NA,NA,NA,NA,NA,NA,NA,0,8.4,4.8,46.1,0.6
"Brady Russell","SEA","te",NA,NA,NA,NA,NA,NA,NA,NA,0,8.4,5,48.5,0.6
"Nate Adkins","DEN","te",NA,NA,NA,NA,NA,NA,NA,NA,0,8.2,5.4,47.6,0.6
"Julian Hill","MIA","te",NA,NA,NA,NA,NA,NA,NA,NA,1,8,6.8,63.9,0.6
"Eric Saubert","SF","te",NA,NA,NA,NA,NA,NA,NA,NA,0,7.4,6.9,57.2,0.3
"Charlie Woerner","ATL","te",NA,NA,NA,NA,NA,NA,NA,NA,0,7.3,7.3,58.3,0.3
"Anthony Firkser","NYJ","te",NA,NA,NA,NA,NA,NA,NA,NA,0,5.9,4.4,41.4,0.3
"Parker Hesse","DET","te",NA,NA,NA,NA,NA,NA,NA,NA,0,5.2,3.7,36.8,0.3
"Josiah Deguara","JAC","te",NA,NA,NA,NA,NA,NA,NA,NA,0,5.1,5,51,0
"Nick Muse","MIN","te",NA,NA,NA,NA,NA,NA,NA,NA,0,5,3.7,35.8,0.3
"Chris Manhertz","NYG","te",NA,NA,NA,NA,NA,NA,NA,NA,0,5,5.4,46.8,0.1
"Kenny Yeboah","NYJ","te",NA,NA,NA,NA,NA,NA,NA,NA,0,4.2,3,28.6,0.2
"Teagan Quitoriano","HOU","te",NA,NA,NA,NA,NA,NA,NA,NA,0,3.3,2,22.3,0.2
"Stephen Carlson","CHI","te",NA,NA,NA,NA,NA,NA,NA,NA,0,3,2,19.4,0.2
"Tommy Hudson","NO","te",NA,NA,NA,NA,NA,NA,NA,NA,0,2.9,2,19.3,0.2
"Jake Tonges","SF","te",NA,NA,NA,NA,NA,NA,NA,NA,0,2.8,1.8,17.4,0.2
"Mitchell Wilcox","NE","te",NA,NA,NA,NA,NA,NA,NA,NA,0,2.7,3.4,24.4,0
