"id","full_name","abbr","team_id","market","book_id_mgm","money_mgm","value_mgm","option_type_mgm","book_id_dk","money_dk","value_dk","option_type_dk","book_id_fd","money_fd","value_fd","option_type_fd"
585,"Geno Smith","G.Smith",156,"passing_yards",12,-105,3450.5,"over",NA,NA,NA,NA,69,-112,3425.5,"over"
585,"Geno Smith","G.Smith",156,"passing_yards",12,-105,3450.5,"over",NA,NA,NA,NA,69,-112,3425.5,"under"
585,"Geno Smith","G.Smith",156,"passing_yards",12,-115,3450.5,"under",NA,NA,NA,NA,69,-112,3425.5,"over"
585,"Geno Smith","G.Smith",156,"passing_yards",12,-115,3450.5,"under",NA,NA,NA,NA,69,-112,3425.5,"under"
1616,"Aaron Rodgers","A.Rodgers",127,"passing_yards",12,-120,3675.5,"over",68,-135,3650.5,"over",69,-112,3600.5,"over"
1616,"Aaron Rodgers","A.Rodgers",127,"passing_yards",12,-120,3675.5,"over",68,-135,3650.5,"over",69,-112,3600.5,"under"
1616,"Aaron Rodgers","A.Rodgers",127,"passing_yards",12,-120,3675.5,"over",68,110,3650.5,"under",69,-112,3600.5,"over"
1616,"Aaron Rodgers","A.Rodgers",127,"passing_yards",12,-120,3675.5,"over",68,110,3650.5,"under",69,-112,3600.5,"under"
1616,"Aaron Rodgers","A.Rodgers",127,"passing_yards",12,100,3675.5,"under",68,-135,3650.5,"over",69,-112,3600.5,"over"
1616,"Aaron Rodgers","A.Rodgers",127,"passing_yards",12,100,3675.5,"under",68,-135,3650.5,"over",69,-112,3600.5,"under"
1616,"Aaron Rodgers","A.Rodgers",127,"passing_yards",12,100,3675.5,"under",68,110,3650.5,"under",69,-112,3600.5,"over"
1616,"Aaron Rodgers","A.Rodgers",127,"passing_yards",12,100,3675.5,"under",68,110,3650.5,"under",69,-112,3600.5,"under"
146731,"Jordan Love","J.Love",147,"passing_yards",12,-110,3850.5,"over",68,100,3900.5,"over",69,-112,3825.5,"over"
146731,"Jordan Love","J.Love",147,"passing_yards",12,-110,3850.5,"over",68,100,3900.5,"over",69,-112,3825.5,"under"
146731,"Jordan Love","J.Love",147,"passing_yards",12,-110,3850.5,"over",68,-125,3900.5,"under",69,-112,3825.5,"over"
146731,"Jordan Love","J.Love",147,"passing_yards",12,-110,3850.5,"over",68,-125,3900.5,"under",69,-112,3825.5,"under"
146731,"Jordan Love","J.Love",147,"passing_yards",12,-110,3850.5,"under",68,100,3900.5,"over",69,-112,3825.5,"over"
146731,"Jordan Love","J.Love",147,"passing_yards",12,-110,3850.5,"under",68,100,3900.5,"over",69,-112,3825.5,"under"
146731,"Jordan Love","J.Love",147,"passing_yards",12,-110,3850.5,"under",68,-125,3900.5,"under",69,-112,3825.5,"over"
146731,"Jordan Love","J.Love",147,"passing_yards",12,-110,3850.5,"under",68,-125,3900.5,"under",69,-112,3825.5,"under"
82644,"Baker Mayfield","B.Mayfield",149,"passing_yards",12,-105,3650.5,"over",68,-110,3550.5,"over",69,-112,3500.5,"over"
82644,"Baker Mayfield","B.Mayfield",149,"passing_yards",12,-105,3650.5,"over",68,-110,3550.5,"over",69,-112,3500.5,"under"
82644,"Baker Mayfield","B.Mayfield",149,"passing_yards",12,-105,3650.5,"over",68,-110,3550.5,"under",69,-112,3500.5,"over"
82644,"Baker Mayfield","B.Mayfield",149,"passing_yards",12,-105,3650.5,"over",68,-110,3550.5,"under",69,-112,3500.5,"under"
82644,"Baker Mayfield","B.Mayfield",149,"passing_yards",12,-115,3650.5,"under",68,-110,3550.5,"over",69,-112,3500.5,"over"
82644,"Baker Mayfield","B.Mayfield",149,"passing_yards",12,-115,3650.5,"under",68,-110,3550.5,"over",69,-112,3500.5,"under"
82644,"Baker Mayfield","B.Mayfield",149,"passing_yards",12,-115,3650.5,"under",68,-110,3550.5,"under",69,-112,3500.5,"over"
82644,"Baker Mayfield","B.Mayfield",149,"passing_yards",12,-115,3650.5,"under",68,-110,3550.5,"under",69,-112,3500.5,"under"
111426,"Daniel Jones","D.Jones",144,"passing_yards",12,-120,2675.5,"over",NA,NA,NA,NA,NA,NA,NA,NA
111426,"Daniel Jones","D.Jones",144,"passing_yards",12,100,2675.5,"under",NA,NA,NA,NA,NA,NA,NA,NA
1594,"Matthew Stafford","M.Stafford",251,"passing_yards",12,-125,3840.5,"over",68,-115,3900.5,"over",69,-112,3825.5,"over"
1594,"Matthew Stafford","M.Stafford",251,"passing_yards",12,-125,3840.5,"over",68,-115,3900.5,"over",69,-112,3825.5,"under"
1594,"Matthew Stafford","M.Stafford",251,"passing_yards",12,-125,3840.5,"over",68,-115,3900.5,"under",69,-112,3825.5,"over"
1594,"Matthew Stafford","M.Stafford",251,"passing_yards",12,-125,3840.5,"over",68,-115,3900.5,"under",69,-112,3825.5,"under"
1594,"Matthew Stafford","M.Stafford",251,"passing_yards",12,105,3840.5,"under",68,-115,3900.5,"over",69,-112,3825.5,"over"
1594,"Matthew Stafford","M.Stafford",251,"passing_yards",12,105,3840.5,"under",68,-115,3900.5,"over",69,-112,3825.5,"under"
1594,"Matthew Stafford","M.Stafford",251,"passing_yards",12,105,3840.5,"under",68,-115,3900.5,"under",69,-112,3825.5,"over"
1594,"Matthew Stafford","M.Stafford",251,"passing_yards",12,105,3840.5,"under",68,-115,3900.5,"under",69,-112,3825.5,"under"
146706,"Tua Tagovailoa","T.Tagovailoa",126,"passing_yards",12,-115,4050.5,"over",68,100,4100.5,"over",69,-112,4000.5,"over"
146706,"Tua Tagovailoa","T.Tagovailoa",126,"passing_yards",12,-115,4050.5,"over",68,100,4100.5,"over",69,-112,4000.5,"under"
146706,"Tua Tagovailoa","T.Tagovailoa",126,"passing_yards",12,-115,4050.5,"over",68,-125,4100.5,"under",69,-112,4000.5,"over"
146706,"Tua Tagovailoa","T.Tagovailoa",126,"passing_yards",12,-115,4050.5,"over",68,-125,4100.5,"under",69,-112,4000.5,"under"
146706,"Tua Tagovailoa","T.Tagovailoa",126,"passing_yards",12,-105,4050.5,"under",68,100,4100.5,"over",69,-112,4000.5,"over"
146706,"Tua Tagovailoa","T.Tagovailoa",126,"passing_yards",12,-105,4050.5,"under",68,100,4100.5,"over",69,-112,4000.5,"under"
146706,"Tua Tagovailoa","T.Tagovailoa",126,"passing_yards",12,-105,4050.5,"under",68,-125,4100.5,"under",69,-112,4000.5,"over"
146706,"Tua Tagovailoa","T.Tagovailoa",126,"passing_yards",12,-105,4050.5,"under",68,-125,4100.5,"under",69,-112,4000.5,"under"
241850,"Anthony Richardson","A.Richardson",133,"passing_yards",12,100,3250.5,"over",68,110,3200.5,"over",69,-112,3075.5,"over"
241850,"Anthony Richardson","A.Richardson",133,"passing_yards",12,100,3250.5,"over",68,110,3200.5,"over",69,-112,3075.5,"under"
241850,"Anthony Richardson","A.Richardson",133,"passing_yards",12,100,3250.5,"over",68,-135,3200.5,"under",69,-112,3075.5,"over"
241850,"Anthony Richardson","A.Richardson",133,"passing_yards",12,100,3250.5,"over",68,-135,3200.5,"under",69,-112,3075.5,"under"
241850,"Anthony Richardson","A.Richardson",133,"passing_yards",12,-135,3250.5,"under",68,110,3200.5,"over",69,-112,3075.5,"over"
241850,"Anthony Richardson","A.Richardson",133,"passing_yards",12,-135,3250.5,"under",68,110,3200.5,"over",69,-112,3075.5,"under"
241850,"Anthony Richardson","A.Richardson",133,"passing_yards",12,-135,3250.5,"under",68,-135,3200.5,"under",69,-112,3075.5,"over"
241850,"Anthony Richardson","A.Richardson",133,"passing_yards",12,-135,3250.5,"under",68,-135,3200.5,"under",69,-112,3075.5,"under"
277038,"Caleb Williams","C.Williams",143,"passing_yards",12,-115,3475.5,"over",68,-125,3500.5,"over",69,-112,3500.5,"over"
277038,"Caleb Williams","C.Williams",143,"passing_yards",12,-115,3475.5,"over",68,-125,3500.5,"over",69,-112,3500.5,"under"
277038,"Caleb Williams","C.Williams",143,"passing_yards",12,-115,3475.5,"over",68,105,3500.5,"under",69,-112,3500.5,"over"
277038,"Caleb Williams","C.Williams",143,"passing_yards",12,-115,3475.5,"over",68,105,3500.5,"under",69,-112,3500.5,"under"
277038,"Caleb Williams","C.Williams",143,"passing_yards",12,-105,3475.5,"under",68,-125,3500.5,"over",69,-112,3500.5,"over"
277038,"Caleb Williams","C.Williams",143,"passing_yards",12,-105,3475.5,"under",68,-125,3500.5,"over",69,-112,3500.5,"under"
277038,"Caleb Williams","C.Williams",143,"passing_yards",12,-105,3475.5,"under",68,105,3500.5,"under",69,-112,3500.5,"over"
277038,"Caleb Williams","C.Williams",143,"passing_yards",12,-105,3475.5,"under",68,105,3500.5,"under",69,-112,3500.5,"under"
82640,"Lamar Jackson","L.Jackson",131,"passing_yards",12,-105,3380.5,"over",68,-110,3250.5,"over",69,-112,3275.5,"over"
82640,"Lamar Jackson","L.Jackson",131,"passing_yards",12,-105,3380.5,"over",68,-110,3250.5,"over",69,-112,3275.5,"under"
82640,"Lamar Jackson","L.Jackson",131,"passing_yards",12,-105,3380.5,"over",68,-110,3250.5,"under",69,-112,3275.5,"over"
82640,"Lamar Jackson","L.Jackson",131,"passing_yards",12,-105,3380.5,"over",68,-110,3250.5,"under",69,-112,3275.5,"under"
82640,"Lamar Jackson","L.Jackson",131,"passing_yards",12,-115,3380.5,"under",68,-110,3250.5,"over",69,-112,3275.5,"over"
82640,"Lamar Jackson","L.Jackson",131,"passing_yards",12,-115,3380.5,"under",68,-110,3250.5,"over",69,-112,3275.5,"under"
82640,"Lamar Jackson","L.Jackson",131,"passing_yards",12,-115,3380.5,"under",68,-110,3250.5,"under",69,-112,3275.5,"over"
82640,"Lamar Jackson","L.Jackson",131,"passing_yards",12,-115,3380.5,"under",68,-110,3250.5,"under",69,-112,3275.5,"under"
241914,"Will Levis","W.Levis",135,"passing_yards",12,-105,3465.5,"over",68,-110,3400.5,"over",69,-112,3375.5,"over"
241914,"Will Levis","W.Levis",135,"passing_yards",12,-105,3465.5,"over",68,-110,3400.5,"over",69,-112,3375.5,"under"
241914,"Will Levis","W.Levis",135,"passing_yards",12,-105,3465.5,"over",68,-110,3400.5,"under",69,-112,3375.5,"over"
241914,"Will Levis","W.Levis",135,"passing_yards",12,-105,3465.5,"over",68,-110,3400.5,"under",69,-112,3375.5,"under"
241914,"Will Levis","W.Levis",135,"passing_yards",12,-115,3465.5,"under",68,-110,3400.5,"over",69,-112,3375.5,"over"
241914,"Will Levis","W.Levis",135,"passing_yards",12,-115,3465.5,"under",68,-110,3400.5,"over",69,-112,3375.5,"under"
241914,"Will Levis","W.Levis",135,"passing_yards",12,-115,3465.5,"under",68,-110,3400.5,"under",69,-112,3375.5,"over"
241914,"Will Levis","W.Levis",135,"passing_yards",12,-115,3465.5,"under",68,-110,3400.5,"under",69,-112,3375.5,"under"
195321,"Brock Purdy","B.Purdy",154,"passing_yards",12,-110,3900.5,"over",68,-110,3900.5,"over",69,-112,3850.5,"over"
195321,"Brock Purdy","B.Purdy",154,"passing_yards",12,-110,3900.5,"over",68,-110,3900.5,"over",69,-112,3850.5,"under"
195321,"Brock Purdy","B.Purdy",154,"passing_yards",12,-110,3900.5,"over",68,-110,3900.5,"under",69,-112,3850.5,"over"
195321,"Brock Purdy","B.Purdy",154,"passing_yards",12,-110,3900.5,"over",68,-110,3900.5,"under",69,-112,3850.5,"under"
195321,"Brock Purdy","B.Purdy",154,"passing_yards",12,-110,3900.5,"under",68,-110,3900.5,"over",69,-112,3850.5,"over"
195321,"Brock Purdy","B.Purdy",154,"passing_yards",12,-110,3900.5,"under",68,-110,3900.5,"over",69,-112,3850.5,"under"
195321,"Brock Purdy","B.Purdy",154,"passing_yards",12,-110,3900.5,"under",68,-110,3900.5,"under",69,-112,3850.5,"over"
195321,"Brock Purdy","B.Purdy",154,"passing_yards",12,-110,3900.5,"under",68,-110,3900.5,"under",69,-112,3850.5,"under"
82643,"Josh Allen","J.Allen",125,"passing_yards",12,-125,3750.5,"over",68,-120,3750.5,"over",NA,NA,NA,NA
82643,"Josh Allen","J.Allen",125,"passing_yards",12,-125,3750.5,"over",68,100,3750.5,"under",NA,NA,NA,NA
82643,"Josh Allen","J.Allen",125,"passing_yards",12,105,3750.5,"under",68,-120,3750.5,"over",NA,NA,NA,NA
82643,"Josh Allen","J.Allen",125,"passing_yards",12,105,3750.5,"under",68,100,3750.5,"under",NA,NA,NA,NA
146747,"Jalen Hurts","J.Hurts",142,"passing_yards",12,-105,3595.5,"over",68,110,3600.5,"over",69,-112,3525.5,"over"
146747,"Jalen Hurts","J.Hurts",142,"passing_yards",12,-105,3595.5,"over",68,110,3600.5,"over",69,-112,3525.5,"under"
146747,"Jalen Hurts","J.Hurts",142,"passing_yards",12,-105,3595.5,"over",68,-130,3600.5,"under",69,-112,3525.5,"over"
146747,"Jalen Hurts","J.Hurts",142,"passing_yards",12,-105,3595.5,"over",68,-130,3600.5,"under",69,-112,3525.5,"under"
146747,"Jalen Hurts","J.Hurts",142,"passing_yards",12,-115,3595.5,"under",68,110,3600.5,"over",69,-112,3525.5,"over"
146747,"Jalen Hurts","J.Hurts",142,"passing_yards",12,-115,3595.5,"under",68,110,3600.5,"over",69,-112,3525.5,"under"
146747,"Jalen Hurts","J.Hurts",142,"passing_yards",12,-115,3595.5,"under",68,-130,3600.5,"under",69,-112,3525.5,"over"
146747,"Jalen Hurts","J.Hurts",142,"passing_yards",12,-115,3595.5,"under",68,-130,3600.5,"under",69,-112,3525.5,"under"
146733,"Justin Herbert","J.Herbert",1325,"passing_yards",12,-110,3600.5,"over",NA,NA,NA,NA,69,-112,3575.5,"over"
146733,"Justin Herbert","J.Herbert",1325,"passing_yards",12,-110,3600.5,"over",NA,NA,NA,NA,69,-112,3575.5,"under"
146733,"Justin Herbert","J.Herbert",1325,"passing_yards",12,-110,3600.5,"under",NA,NA,NA,NA,69,-112,3575.5,"over"
146733,"Justin Herbert","J.Herbert",1325,"passing_yards",12,-110,3600.5,"under",NA,NA,NA,NA,69,-112,3575.5,"under"
54623,"Patrick Mahomes","P.Mahomes",139,"passing_yards",12,-120,4240.5,"over",68,110,4350.5,"over",69,-112,4225.5,"over"
54623,"Patrick Mahomes","P.Mahomes",139,"passing_yards",12,-120,4240.5,"over",68,110,4350.5,"over",69,-112,4225.5,"under"
54623,"Patrick Mahomes","P.Mahomes",139,"passing_yards",12,-120,4240.5,"over",68,-135,4350.5,"under",69,-112,4225.5,"over"
54623,"Patrick Mahomes","P.Mahomes",139,"passing_yards",12,-120,4240.5,"over",68,-135,4350.5,"under",69,-112,4225.5,"under"
54623,"Patrick Mahomes","P.Mahomes",139,"passing_yards",12,100,4240.5,"under",68,110,4350.5,"over",69,-112,4225.5,"over"
54623,"Patrick Mahomes","P.Mahomes",139,"passing_yards",12,100,4240.5,"under",68,110,4350.5,"over",69,-112,4225.5,"under"
54623,"Patrick Mahomes","P.Mahomes",139,"passing_yards",12,100,4240.5,"under",68,-135,4350.5,"under",69,-112,4225.5,"over"
54623,"Patrick Mahomes","P.Mahomes",139,"passing_yards",12,100,4240.5,"under",68,-135,4350.5,"under",69,-112,4225.5,"under"
5108,"Dak Prescott","D.Prescott",140,"passing_yards",12,-120,4050.5,"over",68,-110,4100.5,"over",69,-112,4075.5,"over"
5108,"Dak Prescott","D.Prescott",140,"passing_yards",12,-120,4050.5,"over",68,-110,4100.5,"over",69,-112,4075.5,"under"
5108,"Dak Prescott","D.Prescott",140,"passing_yards",12,-120,4050.5,"over",68,-110,4100.5,"under",69,-112,4075.5,"over"
5108,"Dak Prescott","D.Prescott",140,"passing_yards",12,-120,4050.5,"over",68,-110,4100.5,"under",69,-112,4075.5,"under"
5108,"Dak Prescott","D.Prescott",140,"passing_yards",12,100,4050.5,"under",68,-110,4100.5,"over",69,-112,4075.5,"over"
5108,"Dak Prescott","D.Prescott",140,"passing_yards",12,100,4050.5,"under",68,-110,4100.5,"over",69,-112,4075.5,"under"
5108,"Dak Prescott","D.Prescott",140,"passing_yards",12,100,4050.5,"under",68,-110,4100.5,"under",69,-112,4075.5,"over"
5108,"Dak Prescott","D.Prescott",140,"passing_yards",12,100,4050.5,"under",68,-110,4100.5,"under",69,-112,4075.5,"under"
111381,"Gardner Minshew","G.Minshew",2045,"passing_yards",NA,NA,NA,NA,68,120,2925.5,"over",NA,NA,NA,NA
111381,"Gardner Minshew","G.Minshew",2045,"passing_yards",NA,NA,NA,NA,68,-145,2925.5,"under",NA,NA,NA,NA
60118,"Deshaun Watson","D.Watson",130,"passing_yards",12,115,3350.5,"over",68,110,3300.5,"over",69,-112,3200.5,"over"
60118,"Deshaun Watson","D.Watson",130,"passing_yards",12,115,3350.5,"over",68,110,3300.5,"over",69,-112,3200.5,"under"
60118,"Deshaun Watson","D.Watson",130,"passing_yards",12,115,3350.5,"over",68,-135,3300.5,"under",69,-112,3200.5,"over"
60118,"Deshaun Watson","D.Watson",130,"passing_yards",12,115,3350.5,"over",68,-135,3300.5,"under",69,-112,3200.5,"under"
60118,"Deshaun Watson","D.Watson",130,"passing_yards",12,-140,3350.5,"under",68,110,3300.5,"over",69,-112,3200.5,"over"
60118,"Deshaun Watson","D.Watson",130,"passing_yards",12,-140,3350.5,"under",68,110,3300.5,"over",69,-112,3200.5,"under"
60118,"Deshaun Watson","D.Watson",130,"passing_yards",12,-140,3350.5,"under",68,-135,3300.5,"under",69,-112,3200.5,"over"
60118,"Deshaun Watson","D.Watson",130,"passing_yards",12,-140,3350.5,"under",68,-135,3300.5,"under",69,-112,3200.5,"under"
2104,"Russell Wilson","R.Wilson",132,"passing_yards",NA,NA,NA,NA,NA,NA,NA,NA,NA,NA,NA,NA
241856,"C.J. Stroud","C.Stroud",137,"passing_yards",12,-110,4175.5,"over",68,-125,4150.5,"over",69,-112,4175.5,"over"
241856,"C.J. Stroud","C.Stroud",137,"passing_yards",12,-110,4175.5,"over",68,-125,4150.5,"over",69,-112,4175.5,"under"
241856,"C.J. Stroud","C.Stroud",137,"passing_yards",12,-110,4175.5,"over",68,105,4150.5,"under",69,-112,4175.5,"over"
241856,"C.J. Stroud","C.Stroud",137,"passing_yards",12,-110,4175.5,"over",68,105,4150.5,"under",69,-112,4175.5,"under"
241856,"C.J. Stroud","C.Stroud",137,"passing_yards",12,-110,4175.5,"under",68,-125,4150.5,"over",69,-112,4175.5,"over"
241856,"C.J. Stroud","C.Stroud",137,"passing_yards",12,-110,4175.5,"under",68,-125,4150.5,"over",69,-112,4175.5,"under"
241856,"C.J. Stroud","C.Stroud",137,"passing_yards",12,-110,4175.5,"under",68,105,4150.5,"under",69,-112,4175.5,"over"
241856,"C.J. Stroud","C.Stroud",137,"passing_yards",12,-110,4175.5,"under",68,105,4150.5,"under",69,-112,4175.5,"under"
166294,"Trevor Lawrence","T.Lawrence",134,"passing_yards",12,-110,3775.5,"over",68,-105,3800.5,"over",69,-112,3775.5,"over"
166294,"Trevor Lawrence","T.Lawrence",134,"passing_yards",12,-110,3775.5,"over",68,-105,3800.5,"over",69,-112,3775.5,"under"
166294,"Trevor Lawrence","T.Lawrence",134,"passing_yards",12,-110,3775.5,"over",68,-115,3800.5,"under",69,-112,3775.5,"over"
166294,"Trevor Lawrence","T.Lawrence",134,"passing_yards",12,-110,3775.5,"over",68,-115,3800.5,"under",69,-112,3775.5,"under"
166294,"Trevor Lawrence","T.Lawrence",134,"passing_yards",12,-110,3775.5,"under",68,-105,3800.5,"over",69,-112,3775.5,"over"
166294,"Trevor Lawrence","T.Lawrence",134,"passing_yards",12,-110,3775.5,"under",68,-105,3800.5,"over",69,-112,3775.5,"under"
166294,"Trevor Lawrence","T.Lawrence",134,"passing_yards",12,-110,3775.5,"under",68,-115,3800.5,"under",69,-112,3775.5,"over"
166294,"Trevor Lawrence","T.Lawrence",134,"passing_yards",12,-110,3775.5,"under",68,-115,3800.5,"under",69,-112,3775.5,"under"
82642,"Sam Darnold","S.Darnold",148,"passing_yards",NA,NA,NA,NA,68,100,3500.5,"over",69,-112,3475.5,"over"
82642,"Sam Darnold","S.Darnold",148,"passing_yards",NA,NA,NA,NA,68,100,3500.5,"over",69,-112,3475.5,"under"
82642,"Sam Darnold","S.Darnold",148,"passing_yards",NA,NA,NA,NA,68,-125,3500.5,"under",69,-112,3475.5,"over"
82642,"Sam Darnold","S.Darnold",148,"passing_yards",NA,NA,NA,NA,68,-125,3500.5,"under",69,-112,3475.5,"under"
7729,"Jared Goff","J.Goff",146,"passing_yards",12,-115,4000.5,"over",68,-110,4050.5,"over",69,-112,4025.5,"over"
7729,"Jared Goff","J.Goff",146,"passing_yards",12,-115,4000.5,"over",68,-110,4050.5,"over",69,-112,4025.5,"under"
7729,"Jared Goff","J.Goff",146,"passing_yards",12,-115,4000.5,"over",68,-110,4050.5,"under",69,-112,4025.5,"over"
7729,"Jared Goff","J.Goff",146,"passing_yards",12,-115,4000.5,"over",68,-110,4050.5,"under",69,-112,4025.5,"under"
7729,"Jared Goff","J.Goff",146,"passing_yards",12,-105,4000.5,"under",68,-110,4050.5,"over",69,-112,4025.5,"over"
7729,"Jared Goff","J.Goff",146,"passing_yards",12,-105,4000.5,"under",68,-110,4050.5,"over",69,-112,4025.5,"under"
7729,"Jared Goff","J.Goff",146,"passing_yards",12,-105,4000.5,"under",68,-110,4050.5,"under",69,-112,4025.5,"over"
7729,"Jared Goff","J.Goff",146,"passing_yards",12,-105,4000.5,"under",68,-110,4050.5,"under",69,-112,4025.5,"under"
1544,"Kirk Cousins","K.Cousins",151,"passing_yards",12,-105,3850.5,"over",68,-115,3800.5,"over",69,-112,3800.5,"over"
1544,"Kirk Cousins","K.Cousins",151,"passing_yards",12,-105,3850.5,"over",68,-115,3800.5,"over",69,-112,3800.5,"under"
1544,"Kirk Cousins","K.Cousins",151,"passing_yards",12,-105,3850.5,"over",68,-115,3800.5,"under",69,-112,3800.5,"over"
1544,"Kirk Cousins","K.Cousins",151,"passing_yards",12,-105,3850.5,"over",68,-115,3800.5,"under",69,-112,3800.5,"under"
1544,"Kirk Cousins","K.Cousins",151,"passing_yards",12,-115,3850.5,"under",68,-115,3800.5,"over",69,-112,3800.5,"over"
1544,"Kirk Cousins","K.Cousins",151,"passing_yards",12,-115,3850.5,"under",68,-115,3800.5,"over",69,-112,3800.5,"under"
1544,"Kirk Cousins","K.Cousins",151,"passing_yards",12,-115,3850.5,"under",68,-115,3800.5,"under",69,-112,3800.5,"over"
1544,"Kirk Cousins","K.Cousins",151,"passing_yards",12,-115,3850.5,"under",68,-115,3800.5,"under",69,-112,3800.5,"under"
146707,"Joe Burrow","J.Burrow",128,"passing_yards",12,-120,3945.5,"over",68,-110,4000.5,"over",69,-112,4000.5,"over"
146707,"Joe Burrow","J.Burrow",128,"passing_yards",12,-120,3945.5,"over",68,-110,4000.5,"over",69,-112,4000.5,"under"
146707,"Joe Burrow","J.Burrow",128,"passing_yards",12,-120,3945.5,"over",68,-110,4000.5,"under",69,-112,4000.5,"over"
146707,"Joe Burrow","J.Burrow",128,"passing_yards",12,-120,3945.5,"over",68,-110,4000.5,"under",69,-112,4000.5,"under"
146707,"Joe Burrow","J.Burrow",128,"passing_yards",12,100,3945.5,"under",68,-110,4000.5,"over",69,-112,4000.5,"over"
146707,"Joe Burrow","J.Burrow",128,"passing_yards",12,100,3945.5,"under",68,-110,4000.5,"over",69,-112,4000.5,"under"
146707,"Joe Burrow","J.Burrow",128,"passing_yards",12,100,3945.5,"under",68,-110,4000.5,"under",69,-112,4000.5,"over"
146707,"Joe Burrow","J.Burrow",128,"passing_yards",12,100,3945.5,"under",68,-110,4000.5,"under",69,-112,4000.5,"under"
1324,"Derek Carr","D.Carr",152,"passing_yards",12,110,3450.5,"over",68,-115,3350.5,"over",69,-112,3325.5,"over"
1324,"Derek Carr","D.Carr",152,"passing_yards",12,110,3450.5,"over",68,-115,3350.5,"over",69,-112,3325.5,"under"
1324,"Derek Carr","D.Carr",152,"passing_yards",12,110,3450.5,"over",68,-115,3350.5,"under",69,-112,3325.5,"over"
1324,"Derek Carr","D.Carr",152,"passing_yards",12,110,3450.5,"over",68,-115,3350.5,"under",69,-112,3325.5,"under"
1324,"Derek Carr","D.Carr",152,"passing_yards",12,-135,3450.5,"under",68,-115,3350.5,"over",69,-112,3325.5,"over"
1324,"Derek Carr","D.Carr",152,"passing_yards",12,-135,3450.5,"under",68,-115,3350.5,"over",69,-112,3325.5,"under"
1324,"Derek Carr","D.Carr",152,"passing_yards",12,-135,3450.5,"under",68,-115,3350.5,"under",69,-112,3325.5,"over"
1324,"Derek Carr","D.Carr",152,"passing_yards",12,-135,3450.5,"under",68,-115,3350.5,"under",69,-112,3325.5,"under"
111924,"Kyler Murray","K.Murray",153,"passing_yards",12,-110,3450.5,"over",68,-110,3400.5,"over",69,-112,3525.5,"over"
111924,"Kyler Murray","K.Murray",153,"passing_yards",12,-110,3450.5,"over",68,-110,3400.5,"over",69,-112,3525.5,"under"
111924,"Kyler Murray","K.Murray",153,"passing_yards",12,-110,3450.5,"over",68,-110,3400.5,"under",69,-112,3525.5,"over"
111924,"Kyler Murray","K.Murray",153,"passing_yards",12,-110,3450.5,"over",68,-110,3400.5,"under",69,-112,3525.5,"under"
111924,"Kyler Murray","K.Murray",153,"passing_yards",12,-110,3450.5,"under",68,-110,3400.5,"over",69,-112,3525.5,"over"
111924,"Kyler Murray","K.Murray",153,"passing_yards",12,-110,3450.5,"under",68,-110,3400.5,"over",69,-112,3525.5,"under"
111924,"Kyler Murray","K.Murray",153,"passing_yards",12,-110,3450.5,"under",68,-110,3400.5,"under",69,-112,3525.5,"over"
111924,"Kyler Murray","K.Murray",153,"passing_yards",12,-110,3450.5,"under",68,-110,3400.5,"under",69,-112,3525.5,"under"
277048,"Bo Nix","B.Nix",136,"passing_yards",12,100,2950.5,"over",68,-110,3100.5,"over",69,-112,3015.5,"over"
277048,"Bo Nix","B.Nix",136,"passing_yards",12,100,2950.5,"over",68,-110,3100.5,"over",69,-112,3015.5,"under"
277048,"Bo Nix","B.Nix",136,"passing_yards",12,100,2950.5,"over",68,-110,3100.5,"under",69,-112,3015.5,"over"
277048,"Bo Nix","B.Nix",136,"passing_yards",12,100,2950.5,"over",68,-110,3100.5,"under",69,-112,3015.5,"under"
277048,"Bo Nix","B.Nix",136,"passing_yards",12,-120,2950.5,"under",68,-110,3100.5,"over",69,-112,3015.5,"over"
277048,"Bo Nix","B.Nix",136,"passing_yards",12,-120,2950.5,"under",68,-110,3100.5,"over",69,-112,3015.5,"under"
277048,"Bo Nix","B.Nix",136,"passing_yards",12,-120,2950.5,"under",68,-110,3100.5,"under",69,-112,3015.5,"over"
277048,"Bo Nix","B.Nix",136,"passing_yards",12,-120,2950.5,"under",68,-110,3100.5,"under",69,-112,3015.5,"under"
241861,"Bryce Young","B.Young",150,"passing_yards",12,-130,3200.5,"over",68,-110,3200.5,"over",69,-112,3200.5,"over"
241861,"Bryce Young","B.Young",150,"passing_yards",12,-130,3200.5,"over",68,-110,3200.5,"over",69,-112,3200.5,"under"
241861,"Bryce Young","B.Young",150,"passing_yards",12,-130,3200.5,"over",68,-110,3200.5,"under",69,-112,3200.5,"over"
241861,"Bryce Young","B.Young",150,"passing_yards",12,-130,3200.5,"over",68,-110,3200.5,"under",69,-112,3200.5,"under"
241861,"Bryce Young","B.Young",150,"passing_yards",12,100,3200.5,"under",68,-110,3200.5,"over",69,-112,3200.5,"over"
241861,"Bryce Young","B.Young",150,"passing_yards",12,100,3200.5,"under",68,-110,3200.5,"over",69,-112,3200.5,"under"
241861,"Bryce Young","B.Young",150,"passing_yards",12,100,3200.5,"under",68,-110,3200.5,"under",69,-112,3200.5,"over"
241861,"Bryce Young","B.Young",150,"passing_yards",12,100,3200.5,"under",68,-110,3200.5,"under",69,-112,3200.5,"under"
277039,"Jayden Daniels","J.Daniels",145,"passing_yards",12,-110,3100.5,"over",68,110,3150.5,"over",69,-112,3025.5,"over"
277039,"Jayden Daniels","J.Daniels",145,"passing_yards",12,-110,3100.5,"over",68,110,3150.5,"over",69,-112,3025.5,"under"
277039,"Jayden Daniels","J.Daniels",145,"passing_yards",12,-110,3100.5,"over",68,-135,3150.5,"under",69,-112,3025.5,"over"
277039,"Jayden Daniels","J.Daniels",145,"passing_yards",12,-110,3100.5,"over",68,-135,3150.5,"under",69,-112,3025.5,"under"
277039,"Jayden Daniels","J.Daniels",145,"passing_yards",12,-110,3100.5,"under",68,110,3150.5,"over",69,-112,3025.5,"over"
277039,"Jayden Daniels","J.Daniels",145,"passing_yards",12,-110,3100.5,"under",68,110,3150.5,"over",69,-112,3025.5,"under"
277039,"Jayden Daniels","J.Daniels",145,"passing_yards",12,-110,3100.5,"under",68,-135,3150.5,"under",69,-112,3025.5,"over"
277039,"Jayden Daniels","J.Daniels",145,"passing_yards",12,-110,3100.5,"under",68,-135,3150.5,"under",69,-112,3025.5,"under"
